OBJECTID,ZIPCODE2,ZIPNAME,EXISTING,ZIPCODE1,Shape_Length,Shape_Area
1,02400121502,Cumberland,MDPV2017_18,21502,161775.467550011,441770403.160813
2,02400121521,Barton,MDPV2017_18,21521,29199.1742053562,38842463.4273563
3,02400121530,Flintstone,MDPV2017_18,21530,93603.135943123,267606760.809005
4,02400121532,Frostburg,MDPV2017_18,21532,58275.9507166473,188918095.795485
5,02400121539,Lonaconing,MDPV2017_18,21539,35065.6071654564,65669460.7667893
6,02400121540,Luke,MDPV2017_18,21540,3975.97687932779,1086396.71953745
7,02400121545,Mount Savage,MDPV2017_18,21545,40565.1569591792,91713411.2998259
8,02400121555,Oldtown,MDPV2017_18,21555,113604.856180121,423842264.580821
9,02400121557,Rawlings,MDPV2017_18,21557,66348.670262829,109637092.273646
10,02400121562,Westernport,MDPV2017_18,21562,45380.1992314589,54008206.6014767
11,02400121766,Little Orleans,MDPV2017_18,21766,102797.509633386,191406830.043812
12,02400521013,Baldwin,MDPV2017_18,21013,48079.9193930323,43949661.9203143
13,02400521030,Cockeysville,MDPV2017_18,21030,95693.9133553603,102445588.228076
14,02400521031,Hunt Valley,MDPV2017_18,21031,10423.3580419714,3173807.87162042
15,02400521043,Ellicott City,MDPV2017_18,21043,14559.5683064066,3633438.62030051
16,02400521051,Fork,MDPV2017_18,21051,8989.55511398731,1974385.14299821
17,02400521053,Freeland,MDPV2017_18,21053,54809.3272514984,92700676.0074241
18,02400521057,Glen Arm,MDPV2017_18,21057,50737.6091234337,68154983.9384178
19,02400521071,Glyndon,MDPV2017_18,21071,5317.80779674469,966187.723916703
20,02400521074,Hampstead,MDPV2017_18,21074,34277.9751033427,38848952.4558421
21,02400521082,Hydes,MDPV2017_18,21082,53073.0753989735,28731375.6097547
22,02400521085,Joppa,MDPV2017_18,21085,8592.47607174057,3687751.72015305
23,02400521087,Kingsville,MDPV2017_18,21087,49987.9636511691,58260944.9026667
24,02400521093,Lutherville Timonium,MDPV2017_18,21093,84276.6248839262,90272923.0969961
25,02400521102,Manchester,MDPV2017_18,21102,66224.6678931524,40004943.1038399
26,02400521104,Marriottsville,MDPV2017_18,21104,17582.8749916764,11972115.1130307
27,02400521111,Monkton,MDPV2017_18,21111,70303.6665306042,121793508.367388
28,02400521117,Owings Mills,MDPV2017_18,21117,80502.8705295689,132329612.610283
29,02400521120,Parkton,MDPV2017_18,21120,168038.078534149,195497674.540402
30,02400521128,Perry Hall,MDPV2017_18,21128,46881.4768548309,28973815.1785204
31,02400521131,Phoenix,MDPV2017_18,21131,77612.5521059552,90680487.4371769
32,02400521133,Randallstown,MDPV2017_18,21133,47371.0054000011,40174303.8654487
33,02400521136,Reisterstown,MDPV2017_18,21136,111199.692732871,237848076.464676
34,02400521152,Sparks Glencoe,MDPV2017_18,21152,69454.6802788873,106877552.951412
35,02400521153,Stevenson,MDPV2017_18,21153,25271.8054571109,13140280.2548857
36,02400521155,Upperco,MDPV2017_18,21155,56115.4440424628,94816916.1608039
37,02400521156,Upper Falls,MDPV2017_18,21156,14887.7710914515,4561565.50985326
38,02400521161,White Hall,MDPV2017_18,21161,56340.9619411719,99165850.8182752
39,02400521162,White Marsh,MDPV2017_18,21162,46672.5584964456,34803040.5361782
40,02400521163,Woodstock,MDPV2017_18,21163,40263.2713334053,41968181.4140765
41,02400521204,Towson,MDPV2017_18,21204,31806.3031824021,25125569.800724
42,02400521206,Baltimore,MDPV2017_18,21206,16179.6022830004,9091974.76181293
43,02400521207,Gwynn Oak,MDPV2017_18,21207,36982.6544307753,30630093.3469372
44,02400521208,Pikesville,MDPV2017_18,21208,52521.8873357084,56053917.0133329
45,02400521209,Baltimore,MDPV2017_18,21209,19934.4184057995,15639345.5013646
46,02400521210,Baltimore,MDPV2017_18,21210,5860.69152364923,1749911.70184218
47,02400521212,Baltimore,MDPV2017_18,21212,16515.2619073594,9164750.19292833
48,02400521215,Baltimore,MDPV2017_18,21215,6674.552729706,963001.029779619
49,02400521219,Sparrows Point,MDPV2017_18,21219,86925.3198488551,46446782.5564566
50,02400521220,Middle River,MDPV2017_18,21220,163580.604513553,99587864.6174466
51,02400521221,Essex,MDPV2017_18,21221,108729.4613244,65381115.6661275
52,02400521222,Dundalk,MDPV2017_18,21222,75789.9880061126,48041310.2558495
53,02400521224,Baltimore,MDPV2017_18,21224,16519.0378324645,10612803.8406402
54,02400521227,Halethorpe,MDPV2017_18,21227,35120.512931096,45430123.2808547
55,02400521228,Catonsville,MDPV2017_18,21228,47743.4772268292,66786728.2774348
56,02400521229,Baltimore,MDPV2017_18,21229,15449.7890826783,3763534.16955172
57,02400521234,Parkville,MDPV2017_18,21234,40937.6577443533,52833510.7121312
58,02400521235,Baltimore,MDPV2017_18,21235,5067.41053299171,1342148.92992992
59,02400521236,Nottingham,MDPV2017_18,21236,67632.3051798104,38778196.4256912
60,02400521237,Rosedale,MDPV2017_18,21237,59786.8990326398,48743807.1254407
61,02400521239,Baltimore,MDPV2017_18,21239,8464.78483304686,3399594.24611949
62,02400521241,Baltimore,MDPV2017_18,21241,3716.29757819621,459025.82515938
63,02400521244,Windsor Mill,MDPV2017_18,21244,39332.6819082529,62256880.9442504
64,02400521250,Baltimore,MDPV2017_18,21250,9462.40239931966,2858138.86948192
65,02400521252,Baltimore,MDPV2017_18,21252,9996.23838429237,1849624.8774632
66,02400521286,Towson,MDPV2017_18,21286,42481.1341687801,38282949.3236304
67,02400920615,Broomes Island,MDPV2017_18,20615,13039.3843047368,2983525.82230878
68,02400920629,Dowell,MDPV2017_18,20629,16220.9657803368,2820534.97285647
69,02400920639,Huntingtown,MDPV2017_18,20639,84618.1914564093,186529130.161413
70,02400920657,Lusby,MDPV2017_18,20657,111932.020614454,132860868.136888
71,02400920676,Port Republic,MDPV2017_18,20676,59700.1877879451,59569032.639938
72,02400920678,Prince Frederick,MDPV2017_18,20678,92935.9134245073,185368393.039407
73,02400920685,Saint Leonard,MDPV2017_18,20685,94120.1742985295,96881867.7498422
74,02400920688,Solomons,MDPV2017_18,20688,26330.4154286488,5334894.52041072
75,02400920689,Sunderland,MDPV2017_18,20689,28510.0497113485,30014596.0841498
76,02400920714,North Beach,MDPV2017_18,20714,9096.9601765915,3750335.7351985
77,02400920732,Chesapeake Beach,MDPV2017_18,20732,43689.0957447893,44314865.8637972
78,02400920736,Owings,MDPV2017_18,20736,73011.6735964732,108242225.245796
79,02400920754,Dunkirk,MDPV2017_18,20754,42737.577483472,59430115.3216489
80,02400920758,Friendship,MDPV2017_18,20758,5320.03749646101,887537.077155067
81,02401121629,Denton,MDPV2017_18,21629,207702.186306043,359673177.369512
82,02401121632,Federalsburg,MDPV2017_18,21632,111012.975116458,266107528.358838
83,02401121636,Goldsboro,MDPV2017_18,21636,76633.2587269627,99839857.6450415
84,02401121639,Greensboro,MDPV2017_18,21639,99970.1327521622,144399407.421933
85,02401121640,Henderson,MDPV2017_18,21640,72404.4916358937,84081102.8033887
86,02401121649,Marydel,MDPV2017_18,21649,38698.2710692223,44849431.1397697
87,02401121655,Preston,MDPV2017_18,21655,134885.015768613,229148149.56931
88,02401121657,Queen Anne,MDPV2017_18,21657,19514.8074257582,7564078.50541771
89,02401121660,Ridgely,MDPV2017_18,21660,79398.417162264,138656909.177004
90,02401321048,Finksburg,MDPV2017_18,21048,75995.5060825238,117124107.384093
91,02401321074,Hampstead,MDPV2017_18,21074,82846.341479791,125462543.955601
92,02401321102,Manchester,MDPV2017_18,21102,69898.6825975686,135053037.589022
93,02401321104,Marriottsville,MDPV2017_18,21104,32899.5175945385,29205917.5599606
94,02401321136,Reisterstown,MDPV2017_18,21136,14944.8078956008,9068093.22671536
95,02401321155,Upperco,MDPV2017_18,21155,20348.1929638083,9941560.68927056
96,02401321157,Westminster,MDPV2017_18,21157,148932.167177594,345912552.177848
97,02401321158,Westminster,MDPV2017_18,21158,107734.881593715,325019220.894486
98,02401321757,Keymar,MDPV2017_18,21757,59165.0487066843,80303975.6426658
99,02401321771,Mount Airy,MDPV2017_18,21771,60926.0640119787,96830051.7102475
100,02401321776,New Windsor,MDPV2017_18,21776,81558.476037572,123002033.435466
101,02401321784,Sykesville,MDPV2017_18,21784,92015.7960531253,199483562.436423
102,02401321787,Taneytown,MDPV2017_18,21787,97801.0597997111,232821382.650003
103,02401321791,Union Bridge,MDPV2017_18,21791,65124.0812755684,78089977.8251529
104,02401321797,Woodbine,MDPV2017_18,21797,55033.366182334,67176584.1215523
105,02401521901,North East,MDPV2017_18,21901,160535.130915993,208047495.585816
106,02401521903,Perryville,MDPV2017_18,21903,61940.8962697747,64651281.3357278
107,02401521904,Port Deposit,MDPV2017_18,21904,57476.1699362456,106355611.588842
108,02401521911,Rising Sun,MDPV2017_18,21911,85394.5820179365,161578410.977719
109,02401521912,Warwick,MDPV2017_18,21912,85120.5966907797,123677042.060687
110,02401521915,Chesapeake City,MDPV2017_18,21915,85992.6574811283,114262160.348942
111,02401521917,Colora,MDPV2017_18,21917,35177.7740752244,34776242.448386
112,02401521918,Conowingo,MDPV2017_18,21918,56469.4732758305,77853888.5938342
113,02401521919,Earleville,MDPV2017_18,21919,157798.182927257,210290878.234237
114,02401521921,Elkton,MDPV2017_18,21921,173232.971441604,422247523.605827
115,02401720601,Waldorf,MDPV2017_18,20601,98894.862145131,153733787.271776
116,02401720602,Waldorf,MDPV2017_18,20602,48756.2038714478,63464393.5233584
117,02401720603,Waldorf,MDPV2017_18,20603,51058.3955032704,69401993.9910176
118,02401720607,Accokeek,MDPV2017_18,20607,6696.63282452907,1980783.6610691
119,02401720611,Bel Alton,MDPV2017_18,20611,30812.4396949541,31246387.0068139
120,02401720612,Benedict,MDPV2017_18,20612,5603.13087870045,899184.239180162
121,02401720613,Brandywine,MDPV2017_18,20613,51955.8345715102,42272262.1489078
122,02401720616,Bryans Road,MDPV2017_18,20616,42673.409585952,45816170.1973584
123,02401720617,Bryantown,MDPV2017_18,20617,26562.6609137076,28930493.862681
124,02401720622,Charlotte Hall,MDPV2017_18,20622,98821.7468548567,134950497.634602
125,02401720625,Cobb Island,MDPV2017_18,20625,8425.39554723322,1982810.6664391
126,02401720632,Faulkner,MDPV2017_18,20632,33813.8693784572,28029643.0469009
127,02401720637,Hughesville,MDPV2017_18,20637,84712.1195124575,130860220.628049
128,02401720640,Indian Head,MDPV2017_18,20640,163631.635333911,155141514.46217
129,02401720645,Issue,MDPV2017_18,20645,14776.3421291717,5864235.48915463
130,02401720646,La Plata,MDPV2017_18,20646,208200.866131922,364366501.461384
131,02401720658,Marbury,MDPV2017_18,20658,27726.2354892907,16192638.5748797
132,02401720659,Mechanicsville,MDPV2017_18,20659,19300.3303457044,15867152.1687312
133,02401720662,Nanjemoy,MDPV2017_18,20662,104678.608272836,245750082.176043
134,02401720664,Newburg,MDPV2017_18,20664,154523.049784374,178646477.225684
135,02401720675,Pomfret,MDPV2017_18,20675,30670.9686948618,26720024.8457442
136,02401720677,Port Tobacco,MDPV2017_18,20677,69515.8368874937,61949775.4734001
137,02401720693,Welcome,MDPV2017_18,20693,88775.8629950265,81772599.7371147
138,02401720695,White Plains,MDPV2017_18,20695,59648.6417507707,64816426.5916824
139,02401921613,Cambridge,MDPV2017_18,21613,581975.570713191,707112467.024509
140,02401921622,Church Creek,MDPV2017_18,21622,270728.111074159,290583530.494561
141,02401921626,Crapo,MDPV2017_18,21626,79305.4470014916,75770164.2675726
142,02401921627,Crocheron,MDPV2017_18,21627,19183.4916101967,7056656.85050233
143,02401921631,East New Market,MDPV2017_18,21631,115046.766373215,110449806.477872
144,02401921632,Federalsburg,MDPV2017_18,21632,64195.6343042053,74399918.1294848
145,02401921634,Fishing Creek,MDPV2017_18,21634,98888.1059081929,20857648.0612049
146,02401921643,Hurlock,MDPV2017_18,21643,113804.541792479,190855761.210515
147,02401921648,Madison,MDPV2017_18,21648,52486.2691832899,57691704.1019409
148,02401921659,Rhodesdale,MDPV2017_18,21659,136579.980814669,224631490.354846
149,02401921669,Taylors Island,MDPV2017_18,21669,162063.428487282,86959898.5583669
150,02401921672,Toddville,MDPV2017_18,21672,154508.223412238,75078573.5752141
151,02401921675,Wingate,MDPV2017_18,21675,38316.2259758768,15463491.1175215
152,02401921677,Woolford,MDPV2017_18,21677,62349.8015626905,54906027.0082119
153,02401921835,Linkwood,MDPV2017_18,21835,40861.8178074494,28880420.0552299
154,02401921869,Vienna,MDPV2017_18,21869,327118.900828236,406121117.098497
155,02402120842,Dickerson,MDPV2017_18,20842,47174.4917198344,60453131.405848
156,02402120871,Clarksburg,MDPV2017_18,20871,16782.9441503075,5907475.70554141
157,02402121701,Frederick,MDPV2017_18,21701,124707.233280968,166220063.607921
158,02402121702,Frederick,MDPV2017_18,21702,81937.8092077792,199573503.970243
159,02402121703,Frederick,MDPV2017_18,21703,77877.4772064973,147547106.235666
160,02402121704,Frederick,MDPV2017_18,21704,73667.4645657964,121005152.165768
161,02402121710,Adamstown,MDPV2017_18,21710,62715.8911821771,106353806.222484
162,02402121716,Brunswick,MDPV2017_18,21716,17990.6097135317,13085794.624868
163,02402121718,Burkittsville,MDPV2017_18,21718,8757.11013445988,2240431.79408076
164,02402121719,Cascade,MDPV2017_18,21719,8601.36705339491,1664478.0905146
165,02402121727,Emmitsburg,MDPV2017_18,21727,70675.75104384,144203673.491066
166,02402121754,Ijamsville,MDPV2017_18,21754,60130.263215298,98716830.6595021
167,02402121755,Jefferson,MDPV2017_18,21755,96976.8263893801,144443943.172329
168,02402121757,Keymar,MDPV2017_18,21757,45314.3939497863,72774054.9897211
169,02402121758,Knoxville,MDPV2017_18,21758,51929.4845358789,80583988.8730642
170,02402121769,Middletown,MDPV2017_18,21769,81922.4720439335,182426571.919145
171,02402121770,Monrovia,MDPV2017_18,21770,37795.0034253732,50227389.7379513
172,02402121771,Mount Airy,MDPV2017_18,21771,69787.4615752366,188174470.876287
173,02402121773,Myersville,MDPV2017_18,21773,65673.165965729,150143578.136967
174,02402121774,New Market,MDPV2017_18,21774,43189.3537988491,69962731.1827842
175,02402121776,New Windsor,MDPV2017_18,21776,32034.286374733,36802527.9282452
176,02402121777,Point of Rocks,MDPV2017_18,21777,18707.4504243392,11751927.4094517
177,02402121778,Rocky Ridge,MDPV2017_18,21778,42413.311985343,78507363.9359592
178,02402121780,Sabillasville,MDPV2017_18,21780,56415.7819281748,96400332.4263883
179,02402121783,Smithsburg,MDPV2017_18,21783,37510.5370202663,49583348.3396156
180,02402121787,Taneytown,MDPV2017_18,21787,37536.7912313523,32601971.4498846
181,02402121788,Thurmont,MDPV2017_18,21788,105162.728925928,276389857.346293
182,02402121790,Tuscarora,MDPV2017_18,21790,27282.3141327354,23138069.6312754
183,02402121791,Union Bridge,MDPV2017_18,21791,71417.7512856117,125943004.82519
184,02402121793,Walkersville,MDPV2017_18,21793,52120.2436885463,94007960.8695899
185,02402121798,Woodsboro,MDPV2017_18,21798,62407.7305836845,74934423.8687245
186,02402321520,Accident,MDPV2017_18,21520,140293.271166141,293706767.807753
187,02402321521,Barton,MDPV2017_18,21521,68306.8471107699,104925338.07796
188,02402321522,Bittinger,MDPV2017_18,21522,32304.7268236979,11929112.0287639
189,02402321523,Bloomington,MDPV2017_18,21523,10409.1719682169,5184983.07754079
190,02402321531,Friendsville,MDPV2017_18,21531,100443.688651126,289923410.062511
191,02402321532,Frostburg,MDPV2017_18,21532,101225.223476339,163250103.436762
192,02402321536,Grantsville,MDPV2017_18,21536,142482.543850579,396817544.826594
193,02402321538,Kitzmiller,MDPV2017_18,21538,42772.1654190859,85787918.7182152
194,02402321539,Lonaconing,MDPV2017_18,21539,65617.0585323468,115653880.702246
195,02402321541,McHenry,MDPV2017_18,21541,76659.1008939253,87136022.579022
196,02402321550,Oakland,MDPV2017_18,21550,172416.333600258,906600382.222706
197,02402321561,Swanton,MDPV2017_18,21561,134202.60603608,404353767.01149
198,02402321562,Westernport,MDPV2017_18,21562,30194.6702996949,33161137.7771691
199,02402521001,Aberdeen,MDPV2017_18,21001,82761.5014410499,132893570.657036
200,02402521005,Aberdeen Proving Ground,MDPV2017_18,21005,251572.273182757,189797090.004569
201,02402521009,Abingdon,MDPV2017_18,21009,41283.0858913168,47155419.9560121
202,02402521010,Gunpowder,MDPV2017_18,21010,108993.183326179,69426259.3569458
203,02402521013,Baldwin,MDPV2017_18,21013,24180.4364103069,18467987.8244094
204,02402521014,Bel Air,MDPV2017_18,21014,47036.2408556582,60598684.5132946
205,02402521015,Bel Air,MDPV2017_18,21015,90134.2191691824,140159688.081634
206,02402521017,Belcamp,MDPV2017_18,21017,17738.6479420423,10506022.1421114
207,02402521028,Churchville,MDPV2017_18,21028,37350.4155856834,57136681.5722318
208,02402521034,Darlington,MDPV2017_18,21034,71276.821413703,119464995.221734
209,02402521040,Edgewood,MDPV2017_18,21040,38713.9952959437,34891894.7986609
210,02402521047,Fallston,MDPV2017_18,21047,76845.832281008,101886228.888842
211,02402521050,Forest Hill,MDPV2017_18,21050,63308.5930171821,125119946.396143
212,02402521078,Havre De Grace,MDPV2017_18,21078,81543.7172773279,129079595.861416
213,02402521082,Hydes,MDPV2017_18,21082,4325.26675590383,732960.728942684
214,02402521084,Jarrettsville,MDPV2017_18,21084,69042.8557345168,111339282.782544
215,02402521085,Joppa,MDPV2017_18,21085,81758.608107454,78758268.8940995
216,02402521087,Kingsville,MDPV2017_18,21087,10854.7810310604,5160265.37797905
217,02402521111,Monkton,MDPV2017_18,21111,34455.4997560768,35124698.2568086
218,02402521132,Pylesville,MDPV2017_18,21132,58403.4560258607,92656343.4356285
219,02402521154,Street,MDPV2017_18,21154,103860.382523287,171787579.839218
220,02402521160,Whiteford,MDPV2017_18,21160,56901.6086471888,69202462.591084
221,02402521161,White Hall,MDPV2017_18,21161,59069.9464697858,115403385.481845
222,02402921610,Betterton,MDPV2017_18,21610,22006.7743460025,10521137.7310536
223,02402921620,Chestertown,MDPV2017_18,21620,271184.768192669,384036746.138427
224,02402921635,Galena,MDPV2017_18,21635,113135.640409103,122033944.491311
225,02402921645,Kennedyville,MDPV2017_18,21645,128671.171961829,193400787.33912
226,02402921650,Massey,MDPV2017_18,21650,46962.3131776839,57261746.1502529
227,02402921651,Millington,MDPV2017_18,21651,106212.638264561,119579748.508597
228,02402921661,Rock Hall,MDPV2017_18,21661,225262.528094066,139557277.483018
229,02402921667,Still Pond,MDPV2017_18,21667,41467.5815436687,21877809.2307206
230,02402921678,Worton,MDPV2017_18,21678,127664.745394572,164758642.215189
231,02403521607,Barclay,MDPV2017_18,21607,62447.1018859689,56266296.1074265
232,02403521617,Centreville,MDPV2017_18,21617,272049.899786391,470388845.469631
233,02403521619,Chester,MDPV2017_18,21619,122012.071830163,41663477.4033121
234,02403521620,Chestertown,MDPV2017_18,21620,92246.4939875861,129385295.5986
235,02403521623,Church Hill,MDPV2017_18,21623,98404.2663106699,142621858.125074
236,02403521638,Grasonville,MDPV2017_18,21638,101645.190726363,39263051.4622807
237,02403521640,Henderson,MDPV2017_18,21640,36478.6278240347,28824835.3514761
238,02403521644,Ingleside,MDPV2017_18,21644,30558.622055966,21705212.2986779
239,02403521649,Marydel,MDPV2017_18,21649,43433.5154252445,50493604.0613047
240,02403521651,Millington,MDPV2017_18,21651,91209.5367674156,65004813.8920532
241,02403521657,Queen Anne,MDPV2017_18,21657,67579.4476215202,92603539.4829201
242,02403521658,Queenstown,MDPV2017_18,21658,274806.846827314,176946063.365047
243,02403521666,Stevensville,MDPV2017_18,21666,165306.090803278,93386584.1639335
244,02403521668,Sudlersville,MDPV2017_18,21668,127161.002073636,190336200.796748
245,02403521679,Wye Mills,MDPV2017_18,21679,14503.941935897,2647247.29888597
246,02403921817,Crisfield,MDPV2017_18,21817,452131.474987324,96400755.9664164
247,02403921821,Deal Island,MDPV2017_18,21821,222227.401525441,99792806.1624489
248,02403921822,Eden,MDPV2017_18,21822,41339.3680001366,46771690.293369
249,02403921824,Ewell,MDPV2017_18,21824,374570.674976628,41134486.3570761
250,02403921838,Marion Station,MDPV2017_18,21838,161704.945501956,223583489.861334
251,02403921851,Pocomoke City,MDPV2017_18,21851,53883.0015131721,82974003.0816837
252,02403921853,Princess Anne,MDPV2017_18,21853,171089.097998293,496019982.016808
253,02403921871,Westover,MDPV2017_18,21871,333809.942485845,283886346.566589
254,02403921890,Westover,MDPV2017_18,21890,13444.7867549749,3862412.31750287
255,02404121601,Easton,MDPV2017_18,21601,467704.219703543,481895198.421016
256,02404121612,Bozman,MDPV2017_18,21612,78041.0585995963,24031331.9499389
257,02404121625,Cordova,MDPV2017_18,21625,84142.1688604538,156719015.426369
258,02404121647,McDaniel,MDPV2017_18,21647,34873.1070820993,17008087.2004676
259,02404121652,Neavitt,MDPV2017_18,21652,11465.5002738842,2125866.76940845
260,02404121654,Oxford,MDPV2017_18,21654,97793.6624674139,48260979.353574
261,02404121657,Queen Anne,MDPV2017_18,21657,48078.5151891739,29605400.2347784
262,02404121662,Royal Oak,MDPV2017_18,21662,93487.4273849081,35584363.6606471
263,02404121663,Saint Michaels,MDPV2017_18,21663,143186.11373927,56944534.0013026
264,02404121665,Sherwood,MDPV2017_18,21665,40721.94326935,14886955.4919669
265,02404121671,Tilghman,MDPV2017_18,21671,30159.5230740958,8964567.25513778
266,02404121673,Trappe,MDPV2017_18,21673,205587.450067656,221459918.26084
267,02404121676,Wittman,MDPV2017_18,21676,57240.5410689676,19813136.0376712
268,02404121679,Wye Mills,MDPV2017_18,21679,31259.5888502362,31271057.6484778
269,02404321711,Big Pool,MDPV2017_18,21711,56451.0939273297,114861289.00159
270,02404321713,Boonsboro,MDPV2017_18,21713,83179.256497714,178290123.749119
271,02404321719,Cascade,MDPV2017_18,21719,20955.8144548175,18543682.0201676
272,02404321722,Clear Spring,MDPV2017_18,21722,88115.4484045584,253529707.285481
273,02404321733,Fairplay,MDPV2017_18,21733,27218.5900635242,30207751.4602088
274,02404321740,Hagerstown,MDPV2017_18,21740,146887.571431505,317660307.922213
275,02404321742,Hagerstown,MDPV2017_18,21742,107477.552184396,206788204.390438
276,02404321750,Hancock,MDPV2017_18,21750,115972.641824012,269390473.647515
277,02404321756,Keedysville,MDPV2017_18,21756,58126.8175482743,91366800.2099546
278,02404321758,Knoxville,MDPV2017_18,21758,44391.6002405386,73571617.1669692
279,02404321767,Maugansville,MDPV2017_18,21767,7100.9135343737,1606279.94646742
280,02404321769,Middletown,MDPV2017_18,21769,7958.57327604521,1740852.2026857
281,02404321779,Rohrersville,MDPV2017_18,21779,37499.0328502449,38274033.9613314
282,02404321780,Sabillasville,MDPV2017_18,21780,9850.2426515068,2797767.26966941
283,02404321782,Sharpsburg,MDPV2017_18,21782,103262.063101718,150453937.880905
284,02404321783,Smithsburg,MDPV2017_18,21783,70398.4897448962,152564329.036357
285,02404321795,Williamsport,MDPV2017_18,21795,80977.6156871518,142100267.947424
286,02404521801,Salisbury,MDPV2017_18,21801,99486.7912540169,185144074.602163
287,02404521804,Salisbury,MDPV2017_18,21804,83336.7254594267,230746887.417196
288,02404521814,Bivalve,MDPV2017_18,21814,25767.2154370722,12706174.6163885
289,02404521822,Eden,MDPV2017_18,21822,67242.6661534422,86352190.5106934
290,02404521826,Fruitland,MDPV2017_18,21826,19941.7673816786,14984698.4860359
291,02404521830,Hebron,MDPV2017_18,21830,107288.834526425,142236972.668162
292,02404521837,Mardela Springs,MDPV2017_18,21837,152388.424318019,200539942.335291
293,02404521840,Nanticoke,MDPV2017_18,21840,46654.8278149229,24649458.6859241
294,02404521849,Parsonsburg,MDPV2017_18,21849,93159.1156453707,153329208.016875
295,02404521850,Pittsville,MDPV2017_18,21850,70466.4238986408,122576026.820745
296,02404521856,Quantico,MDPV2017_18,21856,101798.188046838,147543223.346522
297,02404521865,Tyaskin,MDPV2017_18,21865,104770.451204181,63727263.1046606
298,02404521874,Willards,MDPV2017_18,21874,57598.9053024242,115521078.115734
299,02404521875,Delmar,MDPV2017_18,21875,70728.3995920498,98467408.6102357
300,02404700000,Assateague Island,MDPV2017_18,00000,270204.876079983,56143681.8751158
301,02404721804,Salisbury,MDPV2017_18,21804,52789.4583761351,122302387.407155
302,02404721811,Berlin,MDPV2017_18,21811,384937.714121183,409976059.82052
303,02404721813,Bishopville,MDPV2017_18,21813,184879.558965624,114680203.968325
304,02404721829,Girdletree,MDPV2017_18,21829,72252.9334741689,69448596.6779501
305,02404721841,Newark,MDPV2017_18,21841,101630.059256218,147942944.547863
306,02404721842,Ocean City,MDPV2017_18,21842,176220.103304519,39129752.3914293
307,02404721851,Pocomoke City,MDPV2017_18,21851,119035.039931791,380226177.215286
308,02404721862,Showell,MDPV2017_18,21862,10817.3399289311,2938530.86901397
309,02404721863,Snow Hill,MDPV2017_18,21863,186572.537790195,482701870.53005
310,02404721864,Stockton,MDPV2017_18,21864,64363.0248562021,84077328.7757276
311,02404721872,Whaleyville,MDPV2017_18,21872,48960.2726783247,74818135.1330022
312,02451021201,Baltimore,MDPV2017_18,21201,15484.8713979067,5728301.53366426
313,02451021202,Baltimore,MDPV2017_18,21202,20811.3205250996,6949843.61513861
314,02451021205,Baltimore,MDPV2017_18,21205,23668.9049612242,8844893.83016902
315,02451021206,Raspeburg,MDPV2017_18,21206,23252.9165602052,20418805.4310394
316,02451021207,Gwynn Oak,MDPV2017_18,21207,21028.6632776267,12682830.5393675
317,02451021208,Pikesville,MDPV2017_18,21208,5451.67920917752,835532.836970866
318,02451021209,Mt Washington,MDPV2017_18,21209,24091.2796854239,13242876.8172387
319,02451021210,Roland Park,MDPV2017_18,21210,19491.9220469542,12092020.3783624
320,02451021211,Baltimore,MDPV2017_18,21211,17346.5557641232,8613473.26949877
321,02451021212,Govans,MDPV2017_18,21212,17015.8305103301,10828682.1907797
322,02451021213,Clifton,MDPV2017_18,21213,19164.5277076091,14603517.9770089
323,02451021214,Baltimore,MDPV2017_18,21214,18536.2060466269,12361680.4812695
324,02451021215,Arlington,MDPV2017_18,21215,30865.546757523,28396012.4474521
325,02451021216,Baltimore,MDPV2017_18,21216,18512.0682213401,14308850.0023559
326,02451021217,Druid,MDPV2017_18,21217,19679.6589345291,13691930.189235
327,02451021218,Baltimore,MDPV2017_18,21218,22918.4455573215,18758869.2903275
328,02451021222,Dundalk,MDPV2017_18,21222,14643.0678488317,3207642.21388593
329,02451021223,Franklin,MDPV2017_18,21223,18113.9430277898,10663923.1584032
330,02451021224,Highlandtown,MDPV2017_18,21224,45894.3401089008,29899548.8170765
331,02451021225,Brooklyn,MDPV2017_18,21225,22866.3180365271,10756224.8122768
332,02451021226,Curtis Bay,MDPV2017_18,21226,57396.6781763041,20506172.5633801
333,02451021227,Halethorpe,MDPV2017_18,21227,12844.7539742566,1731874.12076386
334,02451021228,Catonsville,MDPV2017_18,21228,4065.94466135122,332127.757755858
335,02451021229,Carroll,MDPV2017_18,21229,24042.5122189429,22715336.0246756
336,02451021230,Morrell Park,MDPV2017_18,21230,59904.4170754399,27340035.198943
337,02451021231,Baltimore,MDPV2017_18,21231,14529.0896789253,3571275.09933219
338,02451021234,Parkville,MDPV2017_18,21234,12879.413643356,4820094.17051199
339,02451021236,Nottingham,MDPV2017_18,21236,3448.79101373013,663461.234740824
340,02451021237,Rosedale,MDPV2017_18,21237,9033.45548075286,2600110.16261195
341,02451021239,Northwood,MDPV2017_18,21239,14829.7828091429,9455119.12554834
342,02451021251,Baltimore,MDPV2017_18,21251,6641.11583290225,950007.699365726
343,02451021287,Baltimore,MDPV2017_18,21287,4071.28806904949,305325.975444191
344,02402721771,Mount Airy,MDPV_2017_18,21771,45487.3786062501,69182110.0587142
345,02402721784,Sykesville,MDPV_2017_18,21784,31605.2368437778,44473955.5498118
346,02402721797,Woodbine,MDPV_2017_18,21797,60263.6215970118,127883345.287987
347,02402721163,Woodstock,MDPV_2017_18,21163,14466.6438396221,11892396.2266116
348,02402721738,Glenwood,MDPV_2017_18,21738,29058.4547212171,29630914.1063975
349,02402720833,Brookeville,MDPV_2017_18,20833,16636.3817860785,8676473.72355767
350,02402721045,Columbia,MDPV_2017_18,21045,30275.168918886,42405455.3365614
351,02402720777,Highland,MDPV_2017_18,20777,31298.8123419765,32393839.7775245
352,02402721046,Columbia,MDPV_2017_18,21046,34287.5457013841,35018346.6808075
353,02402720701,Annapolis Junction,MDPV_2017_18,20701,8252.80664419942,2394967.26771068
354,02402721043,Ellicott City,MDPV_2017_18,21043,55896.260162935,72005248.8412803
355,02402721737,Glenelg,MDPV_2017_18,21737,31649.7429913264,21297454.1525805
356,02402721036,Dayton,MDPV_2017_18,21036,28576.758684098,29459947.7129227
357,02402721104,Marriottsville,MDPV_2017_18,21104,39043.731987979,44308314.0687021
358,02402721075,Elkridge,MDPV_2017_18,21075,49834.8886280153,58842688.0943541
359,02402721076,Hanover,MDPV_2017_18,21076,14617.4577074032,6315779.23983048
360,02402721042,Ellicott City,MDPV_2017_18,21042,73086.5382227489,160204871.736468
361,02402721044,Columbia,MDPV_2017_18,21044,35614.4724335112,53541519.8170262
362,02402721029,Clarksville,MDPV_2017_18,21029,76065.7912726434,70576932.4092853
363,02402720763,Savage,MDPV_2017_18,20763,12412.0978990116,4197819.00583649
364,02402720794,Jessup,MDPV_2017_18,20794,32353.1293119593,31196968.687301
365,02402721723,Cooksville,MDPV_2017_18,21723,27532.5384002638,16031353.273095
366,02402721794,West Friendship,MDPV_2017_18,21794,31089.9591268407,37354652.521026
367,02402720759,Fulton,MDPV_2017_18,20759,45293.3152291382,27540022.8747854
368,02402720723,Laurel,MDPV_2017_18,20723,45581.5216471694,59108919.4485597
369,02403720670,Patuxent River,MDPV_2017_18,20670,37046.9452263973,43256903.9905318
370,02403720606,Abell,MDPV_2017_18,20606,20907.979114185,5195206.43312593
371,02403720626,Coltons Point,MDPV_2017_18,20626,19939.8728556858,6287531.01908053
372,02403720609,Avenue,MDPV_2017_18,20609,4301.91834022519,419948.642848388
373,02403720630,Drayden,MDPV_2017_18,20630,61656.6436586989,29014825.3663893
374,02403720690,Tall Timbers,MDPV_2017_18,20690,33138.6171673222,9903936.59057195
375,02403720684,Saint Inigoes,MDPV_2017_18,20684,63840.114154928,34368135.5176042
376,02403720674,Piney Point,MDPV_2017_18,20674,15825.4146882394,2207940.76187517
377,02403720674,Piney Point,MDPV_2017_18,20674,18967.4925079,3530259.38918133
378,02403720667,Park Hall,MDPV_2017_18,20667,20029.9520466976,9408912.59064841
379,02403720653,Lexington Park,MDPV_2017_18,20653,129397.338848812,139473459.731065
380,02403720622,Charlotte Hall,MDPV_2017_18,20622,37308.8928993753,26039206.6912952
381,02403720659,Mechanicsville,MDPV_2017_18,20659,150301.891928574,404869121.137417
382,02403720636,Hollywood,MDPV_2017_18,20636,108913.907566468,135974695.19073
383,02403720656,Loveville,MDPV_2017_18,20656,10211.6288342792,3719087.01368638
384,02403720621,Chaptico,MDPV_2017_18,20621,64403.6858782383,60876200.8078181
385,02403720624,Clements,MDPV_2017_18,20624,55172.2539309674,43316500.2082572
386,02403720618,Bushwood,MDPV_2017_18,20618,42433.9373109368,33276259.4893687
387,02403720609,Avenue,MDPV_2017_18,20609,71202.726855432,42170540.3900168
388,02403720619,California,MDPV_2017_18,20619,76182.6111106691,71868756.349958
389,02403720650,Leonardtown,MDPV_2017_18,20650,217342.780232717,258843658.711065
390,02403720620,Callaway,MDPV_2017_18,20620,23693.3779713616,16856260.7135603
391,02403720692,Valley Lee,MDPV_2017_18,20692,54311.0089680273,33261545.8781047
392,02403720634,Great Mills,MDPV_2017_18,20634,53123.7310745639,30202555.0275965
393,02403720628,Dameron,MDPV_2017_18,20628,54139.2630494316,29007827.9408761
394,02403720680,Ridge,MDPV_2017_18,20680,11888.8367214954,3515030.1709689
395,02403720680,Ridge,MDPV_2017_18,20680,61114.9925409667,23852097.2546056
396,02403720687,Scotland,MDPV_2017_18,20687,48974.0496785556,27954761.8818505
397,02403121771,Mount Airy,MDPV_2017_18,21771,21343.8341978411,10109217.6558778
398,02403120872,Damascus,MDPV_2017_18,20872,59966.9793059788,86572161.777623
399,02403121771,Mount Airy,MDPV_2017_18,21771,13117.8351507405,6431625.30990862
400,02403121797,Woodbine,MDPV_2017_18,21797,8068.65887753362,2837494.46990803
401,02403120876,Germantown,MDPV_2017_18,20876,47464.3678345849,49704458.0938299
402,02403120841,Boyds,MDPV_2017_18,20841,88767.1887532154,124426394.706138
403,02403120838,Barnesville,MDPV_2017_18,20838,23740.9965751392,11300518.8538078
404,02403120874,Germantown,MDPV_2017_18,20874,75040.785295367,94619335.7968425
405,02403120879,Gaithersburg,MDPV_2017_18,20879,7385.15857027837,1862038.1490088
406,02403120879,Gaithersburg,MDPV_2017_18,20879,4922.35670454911,592378.650910643
407,02403120862,Brinklow,MDPV_2017_18,20862,12678.2789357062,4596039.9035737
408,02403120879,Gaithersburg,MDPV_2017_18,20879,33526.4973409984,24547239.4361968
409,02403120855,Derwood,MDPV_2017_18,20855,49003.2488478875,59192395.0502492
410,02403120832,Olney,MDPV_2017_18,20832,41140.6239808056,42582687.0296451
411,02403120860,Sandy Spring,MDPV_2017_18,20860,22573.8637332394,17099685.7554295
412,02403120837,Poolesville,MDPV_2017_18,20837,65781.470826691,183220741.492106
413,02403120777,Highland,MDPV_2017_18,20777,4654.21106391208,787194.171901652
414,02403120877,Gaithersburg,MDPV_2017_18,20877,36905.1085509721,26318511.2495511
415,02403120861,Ashton,MDPV_2017_18,20861,31124.0081020969,21384471.615234
416,02403120853,Rockville,MDPV_2017_18,20853,40437.4702549196,38123367.149572
417,02403120899,Gaithersburg,MDPV_2017_18,20899,8642.02418913356,3915972.22675303
418,02403120868,Spencerville,MDPV_2017_18,20868,23539.4588123989,7431289.4534087
419,02403120906,Silver Spring,MDPV_2017_18,20906,50357.1744718631,53150089.0060022
420,02403120707,Laurel,MDPV_2017_18,20707,6563.08531532264,2278346.00240619
421,02403120904,Silver Spring,MDPV_2017_18,20904,40321.4644286186,57859923.1996076
422,02403120851,Rockville,MDPV_2017_18,20851,15236.0084406828,10491571.3360306
423,02403120902,Silver Spring,MDPV_2017_18,20902,38578.0437905762,32208412.3531046
424,02403120895,Kensington,MDPV_2017_18,20895,22698.443286828,15994019.8816851
425,02403120910,Silver Spring,MDPV_2017_18,20910,28159.8564939176,19548808.7437581
426,02403120815,Chevy Chase,MDPV_2017_18,20815,28991.8080177592,23633612.1702359
427,02403120894,Bethesda,MDPV_2017_18,20894,2874.87071546135,453823.403491953
428,02403120818,Cabin John,MDPV_2017_18,20818,12950.5554963,5725808.70068929
429,02403120816,Bethesda,MDPV_2017_18,20816,22697.6534155099,18424774.8703203
430,02403120812,Glen Echo,MDPV_2017_18,20812,4802.33295882131,1325214.3478559
431,02403120901,Silver Spring,MDPV_2017_18,20901,24339.1379431494,24076987.0038342
432,02403120912,Takoma Park,MDPV_2017_18,20912,18239.2516464756,9854270.11477157
433,02403120903,Silver Spring,MDPV_2017_18,20903,22578.4212038007,15137242.2446397
434,02403120842,Dickerson,MDPV_2017_18,20842,118873.777108721,192733589.055978
435,02403120839,Beallsville,MDPV_2017_18,20839,19413.2710224411,13343891.7216119
436,02403120878,Gaithersburg,MDPV_2017_18,20878,61342.8917169105,87667352.0523163
437,02403120850,Rockville,MDPV_2017_18,20850,55004.4147418082,59267414.5597703
438,02403120854,Potomac,MDPV_2017_18,20854,78118.361942322,159832420.574139
439,02403120882,Gaithersburg,MDPV_2017_18,20882,84901.4240126987,163472460.672217
440,02403120886,Montgomery Village,MDPV_2017_18,20886,39426.8093250674,17732533.2435397
441,02403120879,Gaithersburg,MDPV_2017_18,20879,13565.5413692557,6948772.86507925
442,02403120833,Brookeville,MDPV_2017_18,20833,67575.8696767377,81151634.0589575
443,02403120817,Bethesda,MDPV_2017_18,20817,53603.3453136026,60689957.8663101
444,02403120814,Bethesda,MDPV_2017_18,20814,42679.9052825899,19183381.6436109
445,02403120905,Silver Spring,MDPV_2017_18,20905,72598.6509692567,52731119.8767044
446,02403120866,Burtonsville,MDPV_2017_18,20866,36224.5412079791,31773676.9193356
447,02403120892,Bethesda,MDPV_2017_18,20892,7129.72375301727,2349886.99753294
448,02403120852,Rockville,MDPV_2017_18,20852,39395.375953906,37559451.8146858
449,02403120895,Kensington,MDPV_2017_18,20895,7785.69231909666,2189963.53774555
450,02403120871,Clarksburg,MDPV_2017_18,20871,71789.6209273971,85955706.2567984
451,02403120880,Washington Grove,MDPV_2017_18,20880,7318.3407041782,1561455.69197415
452,02403120896,Garrett Park,MDPV_2017_18,20896,5711.54252209052,1092115.47570838
453,02403120889,Bethesda,MDPV_2017_18,20889,3396.05364181219,572551.072439552
454,02403320707,Laurel,MDPV_2017_18,20707,40520.1281869782,54115922.7616916
455,02403320708,Laurel,MDPV_2017_18,20708,51534.4423701118,61866478.3017196
456,02403320904,Silver Spring,MDPV_2017_18,20904,2726.43351156066,273615.535970351
457,02403320904,Silver Spring,MDPV_2017_18,20904,3807.28021568251,532843.007409025
458,02403320715,Bowie,MDPV_2017_18,20715,38528.87842904,59674292.6252112
459,02403320770,Greenbelt,MDPV_2017_18,20770,29975.2698587074,21243355.8856579
460,02403320771,Greenbelt,MDPV_2017_18,20771,7127.45394794039,3105863.75822521
461,02403320706,Lanham,MDPV_2017_18,20706,37445.0582480248,34029866.245303
462,02403320785,Hyattsville,MDPV_2017_18,20785,45960.6631142022,43460459.4618161
463,02403320721,Bowie,MDPV_2017_18,20721,44673.0945983701,73083596.1967207
464,02403320722,Brentwood,MDPV_2017_18,20722,13259.2381252577,6836357.43947956
465,02403320774,Upper Marlboro,MDPV_2017_18,20774,10607.6612816754,5076091.99468279
466,02403320706,Lanham,MDPV_2017_18,20706,14719.5180158533,4359222.95397161
467,02403320781,Hyattsville,MDPV_2017_18,20781,11372.5981658341,4032485.15494752
468,02403320747,District Heights,MDPV_2017_18,20747,31981.2576675695,30995565.540607
469,02403320746,Suitland,MDPV_2017_18,20746,34946.7616586219,31572595.4834825
470,02403320762,Andrews Air Force Base,MDPV_2017_18,20762,22811.0427041343,28937799.6173427
471,02403320903,Silver Spring,MDPV_2017_18,20903,6469.00475746976,844082.950326449
472,02403320613,Brandywine,MDPV_2017_18,20613,7667.20831830121,2282932.56223939
473,02403320712,Mount Rainier,MDPV_2017_18,20712,9630.85729322838,2962828.78304278
474,02403320742,College Park,MDPV_2017_18,20742,11589.3457341202,6184674.38513697
475,02403320912,Takoma Park,MDPV_2017_18,20912,9682.7119432562,1307083.70759381
476,02403320720,Bowie,MDPV_2017_18,20720,58613.6024443547,50892171.7177158
477,02403320769,Glenn Dale,MDPV_2017_18,20769,29672.5276356941,21505100.9629962
478,02403320735,Clinton,MDPV_2017_18,20735,61752.7508044537,110968061.252807
479,02403320743,Capitol Heights,MDPV_2017_18,20743,51915.0978088464,43898938.6316058
480,02403320623,Cheltenham,MDPV_2017_18,20623,18279.5175699662,12258389.4188586
481,02403320705,Beltsville,MDPV_2017_18,20705,62319.4060397612,83364220.9330422
482,02403320740,College Park,MDPV_2017_18,20740,44037.7516624678,37062127.9403959
483,02403320607,Accokeek,MDPV_2017_18,20607,60407.3590541485,86928964.5940242
484,02403320601,Waldorf,MDPV_2017_18,20601,36870.3860181407,28380827.5862477
485,02403320783,Hyattsville,MDPV_2017_18,20783,39009.0509164907,25103166.0574149
486,02403320613,Brandywine,MDPV_2017_18,20613,101629.990225252,290357705.444571
487,02403320608,Aquasco,MDPV_2017_18,20608,50958.963665563,83004477.0449827
488,02403320716,Bowie,MDPV_2017_18,20716,33142.4737548474,49859906.1356641
489,02403320706,Lanham,MDPV_2017_18,20706,13595.7282872915,2822362.13909481
490,02403320772,Upper Marlboro,MDPV_2017_18,20772,110231.923025632,307409578.468668
491,02403320748,Temple Hills,MDPV_2017_18,20748,49529.9197955944,41539686.4178968
492,02403320710,Bladensburg,MDPV_2017_18,20710,15475.3463853856,4771418.20835603
493,02403320784,Hyattsville,MDPV_2017_18,20784,38712.5289075229,16979513.3435979
494,02403320782,Hyattsville,MDPV_2017_18,20782,25734.8446133023,17886461.9907206
495,02403320781,Hyattsville,MDPV_2017_18,20781,19602.3319883134,7089147.24056519
496,02403320745,Oxon Hill,MDPV_2017_18,20745,31599.6261304414,34854485.177272
497,02403320744,Fort Washington,MDPV_2017_18,20744,64942.8365909646,123805078.515481
498,02403320737,Riverdale,MDPV_2017_18,20737,23475.5092607856,13918187.0873196
499,02403320774,Upper Marlboro,MDPV_2017_18,20774,90294.9954540096,148661376.233971
500,02400321225,Brooklyn,MDPV_2017_18,21225,17561.4264203924,17070126.1417071
501,02400321090,Linthicum Heights,MDPV_2017_18,21090,25901.06640214,28351061.5419995
502,02400321226,Curtis Bay,MDPV_2017_18,21226,12201.5329735944,5979000.42108574
503,02400321240,BWI Airport,MDPV_2017_18,21240,21414.7466913633,19477657.0864485
504,02400320724,Laurel,MDPV_2017_18,20724,33586.1593157725,33679050.8563765
505,02400321113,Odenton,MDPV_2017_18,21113,62248.7586146708,64737177.7782459
506,02400321056,Gibson Island,MDPV_2017_18,21056,18091.2287283361,6349132.22668849
507,02400321012,Arnold,MDPV_2017_18,21012,53231.9567691964,41217326.2267221
508,02400321409,Annapolis,MDPV_2017_18,21409,111226.543633582,61071628.6095981
509,02400321114,Crofton,MDPV_2017_18,21114,33862.3138424249,21958551.4560998
510,02400321405,Sherwood Forest,MDPV_2017_18,21405,6105.43551385157,1826872.11505199
511,02400321402,Naval Academy,MDPV_2017_18,21402,19642.0724110601,5965871.45994136
512,02400321402,Naval Academy,MDPV_2017_18,21402,4294.65735466751,893074.023116178
513,02400321402,Naval Academy,MDPV_2017_18,21402,6442.63614516656,1193641.42056399
514,02400321037,Edgewater,MDPV_2017_18,21037,15762.9669753414,5597864.31459163
515,02400321140,Riva,MDPV_2017_18,21140,15220.4043523862,5878162.81222224
516,02400320764,Shady Side,MDPV_2017_18,20764,36108.9793082255,16041385.2028017
517,02400320733,Churchton,MDPV_2017_18,20733,31646.9580343604,17876762.2179394
518,02400320755,Fort George G Meade,MDPV_2017_18,20755,57470.5942696801,93302120.7833459
519,02400320701,Annapolis Junction,MDPV_2017_18,20701,12865.9837420582,5372543.6114149
520,02400320776,Harwood,MDPV_2017_18,20776,88985.23235443,89733470.2551351
521,02400320778,West River,MDPV_2017_18,20778,47006.5633815132,35102833.2292117
522,02400320765,Galesville,MDPV_2017_18,20765,8834.45396172613,1828590.51525492
523,02400320754,Dunkirk,MDPV_2017_18,20754,20021.4310835057,10583088.8226522
524,02400320714,North Beach,MDPV_2017_18,20714,9657.63301758745,2887341.90414984
525,02400321035,Davidsonville,MDPV_2017_18,21035,61981.4066638276,119244476.84965
526,02400321403,Eastport,MDPV_2017_18,21403,90071.5212742163,39594916.6702181
527,02400321037,Edgewater,MDPV_2017_18,21037,5823.1934053848,759151.606644432
528,02400321054,Gambrills,MDPV_2017_18,21054,100170.52612137,72915903.6978732
529,02400321077,Harmans,MDPV_2017_18,21077,12398.3938023812,3561119.45491906
530,02400321076,Hanover,MDPV_2017_18,21076,6809.74251491102,1551741.25120998
531,02400321076,Hanover,MDPV_2017_18,21076,62893.1536640235,50048918.7923388
532,02400321122,Pasadena,MDPV_2017_18,21122,168456.648335282,135841419.234606
533,02400320751,Deale,MDPV_2017_18,20751,51350.165360018,18204532.8574501
534,02400321061,Glen Burnie,MDPV_2017_18,21061,63301.064130928,52481642.0324937
535,02400320758,Friendship,MDPV_2017_18,20758,37705.5017235284,20404987.5310616
536,02400320736,Owings,MDPV_2017_18,20736,19876.6403798011,4209252.82803686
537,02400320779,Tracys Landing,MDPV_2017_18,20779,32158.2923823832,29725968.7318368
538,02400320711,Lothian,MDPV_2017_18,20711,68309.5278322538,145890251.578131
539,02400320776,Harwood,MDPV_2017_18,20776,25456.5892395995,8973925.30687684
540,02400321037,Edgewater,MDPV_2017_18,21037,122662.485865464,67980738.548037
541,02400321032,Crownsville,MDPV_2017_18,21032,81021.6309558711,77167209.1109969
542,02400321401,Annapolis,MDPV_2017_18,21401,118935.648559072,88795487.0283866
543,02400321060,Glen Burnie,MDPV_2017_18,21060,82818.0014836649,53081911.3241274
544,02400321226,Curtis Bay,MDPV_2017_18,21226,42952.1056055241,18204747.9726862
545,02400321144,Severn,MDPV_2017_18,21144,56952.4654039276,70429882.1760654
546,02400321108,Millersville,MDPV_2017_18,21108,69392.0440232387,58532547.4938481
547,02400321146,Severna Park,MDPV_2017_18,21146,67758.7268437781,43941043.4329852
548,02400320794,Jessup,MDPV_2017_18,20794,25906.5379689904,13692113.2117646
