Zip,July 2021,August 2021,September 2021,October 2021,November 2021,December 2021,January 2022,February 2022,March 2022,April 2022,May 2022,June 2022,July 2022,August 2022,September 2022,October 2022,November 2022,December 2022,January 2023,February 2023,March 2023,zip_2022_total,zip_overall_total,OBJECTID,ZIPCODE2,ZIPNAME,EXISTING,Shape_Length,Shape_Area
20772,16,27,56,62,53,58,60,65,88,110,84,103,102,123,113,112,127,113,136,118,119,1200,1845,490,02403320772,Upper Marlboro,MDPV_2017_18,110231.923025632,307409578.468668
21206,17,33,65,47,53,46,57,71,74,104,77,102,87,129,93,95,99,110,126,126,96,1098,1707,42,02400521206,Baltimore,MDPV2017_18,16179.6022830004,9091974.76181293
21206,17,33,65,47,53,46,57,71,74,104,77,102,87,129,93,95,99,110,126,126,96,1098,1707,315,02451021206,Raspeburg,MDPV2017_18,23252.9165602052,20418805.4310394
20774,5,22,47,61,58,47,55,54,68,114,74,73,83,93,110,95,109,126,136,118,123,1054,1671,465,02403320774,Upper Marlboro,MDPV_2017_18,10607.6612816754,5076091.99468279
20774,5,22,47,61,58,47,55,54,68,114,74,73,83,93,110,95,109,126,136,118,123,1054,1671,499,02403320774,Upper Marlboro,MDPV_2017_18,90294.9954540096,148661376.233971
20744,11,19,46,39,49,47,39,55,68,93,87,87,62,97,92,93,92,101,107,98,108,966,1490,497,02403320744,Fort Washington,MDPV_2017_18,64942.8365909646,123805078.515481
21207,13,13,51,49,43,38,64,48,56,81,69,67,65,93,84,85,80,100,132,94,96,892,1421,43,02400521207,Gwynn Oak,MDPV2017_18,36982.6544307753,30630093.3469372
21207,13,13,51,49,43,38,64,48,56,81,69,67,65,93,84,85,80,100,132,94,96,892,1421,316,02451021207,Gwynn Oak,MDPV2017_18,21028.6632776267,12682830.5393675
21222,9,20,42,41,53,42,54,44,69,85,62,84,69,70,91,82,89,89,102,101,83,888,1381,52,02400521222,Dundalk,MDPV2017_18,75789.9880061126,48041310.2558495
21222,9,20,42,41,53,42,54,44,69,85,62,84,69,70,91,82,89,89,102,101,83,888,1381,328,02451021222,Dundalk,MDPV2017_18,14643.0678488317,3207642.21388593
20743,9,22,35,41,50,47,52,53,61,76,62,91,66,94,82,89,81,93,92,88,95,900,1379,479,02403320743,Capitol Heights,MDPV_2017_18,51915.0978088464,43898938.6316058
21215,10,25,47,57,41,31,54,38,51,96,59,80,64,79,76,92,71,83,105,88,86,843,1333,48,02400521215,Baltimore,MDPV2017_18,6674.552729706,963001.029779619
21215,10,25,47,57,41,31,54,38,51,96,59,80,64,79,76,92,71,83,105,88,86,843,1333,324,02451021215,Arlington,MDPV2017_18,30865.546757523,28396012.447452102
21229,6,18,43,52,40,42,63,48,60,87,64,53,68,73,89,83,74,74,99,75,87,836,1298,56,02400521229,Baltimore,MDPV2017_18,15449.7890826783,3763534.16955172
21229,6,18,43,52,40,42,63,48,60,87,64,53,68,73,89,83,74,74,99,75,87,836,1298,335,02451021229,Carroll,MDPV2017_18,24042.5122189429,22715336.0246756
20735,6,21,30,43,48,56,41,53,57,77,46,65,61,79,72,73,77,95,102,93,90,796,1285,478,02403320735,Clinton,MDPV_2017_18,61752.7508044537,110968061.252807
20747,12,11,39,28,33,44,50,50,52,65,44,73,57,89,83,72,77,69,90,85,68,781,1191,468,02403320747,District Heights,MDPV_2017_18,31981.2576675695,30995565.540607
21234,11,23,40,41,37,39,57,36,56,67,46,70,52,75,73,73,63,64,87,62,72,732,1144,57,02400521234,Parkville,MDPV2017_18,40937.6577443533,52833510.7121312
21234,11,23,40,41,37,39,57,36,56,67,46,70,52,75,73,73,63,64,87,62,72,732,1144,338,02451021234,Parkville,MDPV2017_18,12879.413643356,4820094.17051199
20748,2,15,21,38,33,27,39,45,43,71,61,63,63,76,72,67,60,85,83,80,63,745,1107,491,02403320748,Temple Hills,MDPV_2017_18,49529.9197955944,41539686.4178968
20601,9,14,26,32,20,17,27,30,51,48,55,42,73,71,70,89,68,84,96,78,76,708,1076,115,02401720601,Waldorf,MDPV2017_18,98894.862145131,153733787.271776
20601,9,14,26,32,20,17,27,30,51,48,55,42,73,71,70,89,68,84,96,78,76,708,1076,484,02403320601,Waldorf,MDPV_2017_18,36870.3860181407,28380827.5862477
21122,11,16,35,36,44,35,38,38,33,59,42,61,52,64,51,77,63,73,75,56,67,651,1026,532,02400321122,Pasadena,MDPV_2017_18,168456.648335282,135841419.234606
20706,10,13,31,34,32,29,27,29,42,59,32,65,50,66,66,61,56,68,82,64,60,621,976,461,02403320706,Lanham,MDPV_2017_18,37445.0582480248,34029866.245303
20706,10,13,31,34,32,29,27,29,42,59,32,65,50,66,66,61,56,68,82,64,60,621,976,466,02403320706,Lanham,MDPV_2017_18,14719.5180158533,4359222.95397161
20706,10,13,31,34,32,29,27,29,42,59,32,65,50,66,66,61,56,68,82,64,60,621,976,489,02403320706,Lanham,MDPV_2017_18,13595.7282872915,2822362.13909481
21213,18,16,39,33,44,24,30,36,34,65,50,47,36,51,53,52,40,58,63,74,67,552,930,322,02451021213,Clifton,MDPV2017_18,19164.5277076091,14603517.9770089
21133,6,12,28,30,25,31,27,29,40,45,36,45,51,64,38,64,59,66,80,65,67,564,908,32,02400521133,Randallstown,MDPV2017_18,47371.0054000011,40174303.8654487
21220,4,8,42,31,21,29,37,34,44,37,39,56,41,69,62,59,58,62,66,59,47,598,905,50,02400521220,Middle River,MDPV2017_18,163580.604513553,99587864.6174466
21740,13,15,33,35,32,24,34,35,42,59,44,52,44,62,52,56,47,56,59,56,50,583,900,274,02404321740,Hagerstown,MDPV2017_18,146887.571431505,317660307.922213
20785,11,17,17,19,24,30,34,50,45,61,40,49,54,60,71,46,44,54,50,59,54,608,889,462,02403320785,Hyattsville,MDPV_2017_18,45960.6631142022,43460459.4618161
21061,5,16,38,27,22,29,27,32,38,53,38,55,50,52,48,43,45,63,83,56,58,544,878,534,02400321061,Glen Burnie,MDPV_2017_18,63301.064130928,52481642.0324937
21216,9,14,31,42,38,37,27,29,36,57,41,48,51,58,42,50,47,50,53,61,44,536,865,325,02451021216,Baltimore,MDPV2017_18,18512.0682213401,14308850.0023559
20603,3,3,14,26,25,24,27,44,48,48,39,45,33,55,62,40,53,47,86,60,59,541,841,117,02401720603,Waldorf,MDPV2017_18,51058.3955032704,69401993.9910176
21117,10,13,28,21,33,22,34,26,28,40,35,44,46,63,45,56,44,64,67,52,57,525,828,28,02400521117,Owings Mills,MDPV2017_18,80502.8705295689,132329612.610283
21239,6,13,24,28,31,21,35,24,31,47,38,44,55,51,48,57,43,51,68,58,53,524,826,61,02400521239,Baltimore,MDPV2017_18,8464.78483304686,3399594.24611949
21239,6,13,24,28,31,21,35,24,31,47,38,44,55,51,48,57,43,51,68,58,53,524,826,341,02451021239,Northwood,MDPV2017_18,14829.7828091429,9455119.12554834
21060,7,8,28,26,26,24,25,25,36,44,36,44,41,56,53,54,50,50,66,62,51,514,812,543,02400321060,Glen Burnie,MDPV_2017_18,82818.0014836649,53081911.3241274
20602,5,9,20,21,23,21,30,34,42,45,43,51,50,51,47,44,38,54,69,53,61,529,811,116,02401720602,Waldorf,MDPV2017_18,48756.2038714478,63464393.5233584
21921,3,12,26,42,28,21,24,19,24,47,34,47,35,50,51,54,64,48,61,57,63,497,810,114,02401521921,Elkton,MDPV2017_18,173232.971441604,422247523.605827
21701,13,13,21,29,24,39,25,20,49,51,41,52,40,45,48,46,53,46,63,46,34,516,798,157,02402121701,Frederick,MDPV2017_18,124707.233280968,166220063.607921
21224,9,27,45,34,23,25,25,31,36,50,36,39,32,44,39,41,41,44,50,56,48,458,775,53,02400521224,Baltimore,MDPV2017_18,16519.0378324645,10612803.8406402
21224,9,27,45,34,23,25,25,31,36,50,36,39,32,44,39,41,41,44,50,56,48,458,775,330,02451021224,Highlandtown,MDPV2017_18,45894.3401089008,29899548.8170765
20721,4,14,37,26,27,29,27,31,32,36,41,37,38,52,37,41,38,59,58,57,53,469,774,463,02403320721,Bowie,MDPV_2017_18,44673.0945983701,73083596.1967207
21218,13,20,24,33,25,29,42,26,32,42,32,42,35,50,50,36,43,56,54,54,35,486,773,327,02451021218,Baltimore,MDPV2017_18,22918.4455573215,18758869.2903275
21221,8,17,30,24,28,24,20,17,38,52,27,40,34,50,44,49,40,42,66,57,51,453,758,51,02400521221,Essex,MDPV2017_18,108729.4613244,65381115.6661275
21214,11,9,21,17,19,21,29,22,34,50,28,41,51,56,48,41,43,49,67,45,45,492,747,323,02451021214,Baltimore,MDPV2017_18,18536.2060466269,12361680.4812695
20874,11,14,31,22,38,18,32,22,37,52,36,38,35,39,39,40,39,38,50,46,64,447,741,404,02403120874,Germantown,MDPV_2017_18,75040.785295367,94619335.7968425
21244,11,9,19,31,14,21,33,27,32,45,36,40,24,57,42,44,32,45,64,41,47,457,714,63,02400521244,Windsor Mill,MDPV2017_18,39332.6819082529,62256880.9442504
20746,1,2,26,23,17,20,15,19,24,42,35,35,39,54,40,36,32,46,56,41,44,417,647,469,02403320746,Suitland,MDPV_2017_18,34946.7616586219,31572595.4834825
21040,4,6,21,22,17,19,28,30,25,34,30,40,34,46,35,37,29,51,43,42,43,419,636,209,02402521040,Edgewood,MDPV2017_18,38713.9952959437,34891894.7986609
21227,5,10,20,29,15,21,19,18,28,33,26,33,41,42,38,42,31,38,51,38,28,389,606,54,02400521227,Halethorpe,MDPV2017_18,35120.512931096,45430123.2808547
21227,5,10,20,29,15,21,19,18,28,33,26,33,41,42,38,42,31,38,51,38,28,389,606,333,02451021227,Halethorpe,MDPV2017_18,12844.7539742566,1731874.12076386
20657,4,4,17,22,20,19,24,23,21,41,27,29,42,40,43,37,33,29,53,39,38,389,605,70,02400920657,Lusby,MDPV2017_18,111932.020614454,132860868.136888
21237,4,8,21,27,21,17,35,17,33,31,28,19,24,42,48,39,37,40,42,33,39,393,605,60,02400521237,Rosedale,MDPV2017_18,59786.8990326398,48743807.1254407
21237,4,8,21,27,21,17,35,17,33,31,28,19,24,42,48,39,37,40,42,33,39,393,605,340,02451021237,Rosedale,MDPV2017_18,9033.45548075286,2600110.16261195
21236,2,8,18,24,16,24,30,27,31,36,35,31,35,30,30,44,36,40,39,30,29,405,595,59,02400521236,Nottingham,MDPV2017_18,67632.3051798104,38778196.4256912
21236,2,8,18,24,16,24,30,27,31,36,35,31,35,30,30,44,36,40,39,30,29,405,595,339,02451021236,Nottingham,MDPV2017_18,3448.79101373013,663461.234740824
21502,8,17,23,17,17,15,26,20,32,35,29,31,25,35,33,41,38,36,43,28,44,381,593,1,02400121502,Cumberland,MDPV2017_18,161775.467550011,441770403.160813
21225,4,8,23,29,21,22,24,22,33,36,31,21,27,29,36,37,37,38,45,26,29,371,578,331,02451021225,Brooklyn,MDPV2017_18,22866.3180365271,10756224.8122768
21225,4,8,23,29,21,22,24,22,33,36,31,21,27,29,36,37,37,38,45,26,29,371,578,500,02400321225,Brooklyn,MDPV_2017_18,17561.4264203924,17070126.1417071
20707,5,9,25,18,26,22,17,20,23,36,26,26,31,36,33,35,33,28,41,39,38,344,567,420,02403120707,Laurel,MDPV_2017_18,6563.08531532264,2278346.00240619
20707,5,9,25,18,26,22,17,20,23,36,26,26,31,36,33,35,33,28,41,39,38,344,567,454,02403320707,Laurel,MDPV_2017_18,40520.1281869782,54115922.7616916
20906,7,11,19,24,22,16,29,26,23,29,31,23,30,42,33,33,25,42,44,32,23,366,564,419,02403120906,Silver Spring,MDPV_2017_18,50357.1744718631,53150089.0060022
21208,7,8,13,16,24,10,21,15,22,31,32,29,20,42,38,35,31,39,47,41,42,355,563,44,02400521208,Pikesville,MDPV2017_18,52521.8873357084,56053917.0133329
21208,7,8,13,16,24,10,21,15,22,31,32,29,20,42,38,35,31,39,47,41,42,355,563,317,02451021208,Pikesville,MDPV2017_18,5451.67920917752,835532.836970866
20613,7,6,23,10,15,14,30,7,18,19,28,32,34,44,36,36,44,34,40,41,40,362,558,121,02401720613,Brandywine,MDPV2017_18,51955.8345715102,42272262.1489078
20613,7,6,23,10,15,14,30,7,18,19,28,32,34,44,36,36,44,34,40,41,40,362,558,472,02403320613,Brandywine,MDPV_2017_18,7667.20831830121,2282932.56223939
20613,7,6,23,10,15,14,30,7,18,19,28,32,34,44,36,36,44,34,40,41,40,362,558,486,02403320613,Brandywine,MDPV_2017_18,101629.990225252,290357705.444571
21230,6,11,15,23,24,17,16,16,28,37,28,36,29,33,21,32,27,30,40,39,45,333,553,336,02451021230,Morrell Park,MDPV2017_18,59904.4170754399,27340035.198943
20720,8,7,16,15,12,13,22,16,29,27,23,32,26,35,31,35,18,42,49,37,51,336,544,476,02403320720,Bowie,MDPV_2017_18,58613.6024443547,50892171.7177158
21001,3,6,13,19,19,23,16,18,23,37,22,26,25,32,30,34,40,31,46,49,28,334,540,199,02402521001,Aberdeen,MDPV2017_18,82761.5014410499,132893570.657036
21009,3,5,14,15,21,14,25,19,15,33,26,24,21,24,30,40,38,37,45,45,46,332,540,201,02402521009,Abingdon,MDPV2017_18,41283.0858913168,47155419.9560121
20745,4,5,15,19,17,10,22,23,25,29,22,29,31,43,35,35,34,30,39,36,30,358,533,496,02403320745,Oxon Hill,MDPV_2017_18,31599.6261304414,34854485.177272
20716,3,6,19,18,21,22,9,20,23,37,21,26,23,30,28,33,31,30,51,41,40,311,532,488,02403320716,Bowie,MDPV_2017_18,33142.4737548474,49859906.1356641
20784,5,12,16,21,19,18,15,20,21,37,31,29,26,35,22,33,20,33,33,49,37,322,532,493,02403320784,Hyattsville,MDPV_2017_18,38712.5289075229,16979513.3435979
20705,8,3,12,22,16,14,25,17,22,30,20,31,17,26,41,35,27,33,40,35,50,324,524,481,02403320705,Beltsville,MDPV_2017_18,62319.4060397612,83364220.9330422
21217,4,2,19,20,16,15,25,24,16,28,23,27,17,39,35,23,27,33,36,34,52,317,515,326,02451021217,Druid,MDPV2017_18,19679.6589345291,13691930.189235
21136,6,7,16,16,18,15,17,18,21,32,31,26,21,32,20,30,29,31,41,35,33,308,495,33,02400521136,Reisterstown,MDPV2017_18,111199.692732871,237848076.464676
21136,6,7,16,16,18,15,17,18,21,32,31,26,21,32,20,30,29,31,41,35,33,308,495,94,02401321136,Reisterstown,MDPV2017_18,14944.8078956008,9068093.22671536
20695,3,4,8,15,12,10,17,15,22,25,19,16,29,38,33,33,39,35,44,39,35,321,491,138,02401720695,White Plains,MDPV2017_18,59648.6417507707,64816426.5916824
20715,4,3,16,12,19,17,15,15,24,25,29,22,25,40,23,24,28,34,38,40,37,304,490,458,02403320715,Bowie,MDPV_2017_18,38528.87842904,59674292.6252112
21228,3,9,17,19,13,17,21,11,11,36,24,24,26,40,27,25,29,24,35,34,32,298,477,55,02400521228,Catonsville,MDPV2017_18,47743.4772268292,66786728.2774348
21228,3,9,17,19,13,17,21,11,11,36,24,24,26,40,27,25,29,24,35,34,32,298,477,334,02451021228,Catonsville,MDPV2017_18,4065.94466135122,332127.757755858
20659,4,10,12,21,15,21,10,17,15,28,26,22,12,26,38,24,30,31,38,22,37,279,459,132,02401720659,Mechanicsville,MDPV2017_18,19300.3303457044,15867152.1687312
20659,4,10,12,21,15,21,10,17,15,28,26,22,12,26,38,24,30,31,38,22,37,279,459,381,02403720659,Mechanicsville,MDPV_2017_18,150301.891928574,404869121.137417
20783,2,4,15,23,15,16,12,17,21,25,22,20,17,27,30,37,31,23,33,41,27,282,458,485,02403320783,Hyattsville,MDPV_2017_18,39009.0509164907,25103166.0574149
21144,2,3,21,11,12,21,13,17,15,20,20,20,18,37,23,32,31,39,36,33,30,285,454,545,02400321144,Severn,MDPV_2017_18,56952.4654039276,70429882.1760654
20904,5,9,22,14,15,14,19,14,28,26,20,24,18,35,20,34,31,28,21,29,27,297,453,421,02403120904,Silver Spring,MDPV_2017_18,40321.4644286186,57859923.1996076
20904,5,9,22,14,15,14,19,14,28,26,20,24,18,35,20,34,31,28,21,29,27,297,453,456,02403320904,Silver Spring,MDPV_2017_18,2726.43351156066,273615.535970351
20904,5,9,22,14,15,14,19,14,28,26,20,24,18,35,20,34,31,28,21,29,27,297,453,457,02403320904,Silver Spring,MDPV_2017_18,3807.28021568251,532843.007409025
20879,7,6,13,15,10,15,19,19,20,25,25,23,24,30,18,31,28,25,34,23,30,287,440,405,02403120879,Gaithersburg,MDPV_2017_18,7385.15857027837,1862038.1490088
20879,7,6,13,15,10,15,19,19,20,25,25,23,24,30,18,31,28,25,34,23,30,287,440,406,02403120879,Gaithersburg,MDPV_2017_18,4922.35670454911,592378.650910643
20879,7,6,13,15,10,15,19,19,20,25,25,23,24,30,18,31,28,25,34,23,30,287,440,408,02403120879,Gaithersburg,MDPV_2017_18,33526.4973409984,24547239.4361968
20879,7,6,13,15,10,15,19,19,20,25,25,23,24,30,18,31,28,25,34,23,30,287,440,441,02403120879,Gaithersburg,MDPV_2017_18,13565.5413692557,6948772.86507925
21703,3,6,13,24,16,13,18,18,18,15,20,26,24,22,25,29,31,30,33,28,25,276,437,159,02402121703,Frederick,MDPV2017_18,77877.4772064973,147547106.235666
20607,3,5,10,11,13,13,19,14,14,21,28,24,11,30,28,22,22,29,42,35,29,262,423,118,02401720607,Accokeek,MDPV2017_18,6696.63282452907,1980783.6610691
20607,3,5,10,11,13,13,19,14,14,21,28,24,11,30,28,22,22,29,42,35,29,262,423,483,02403320607,Accokeek,MDPV_2017_18,60407.3590541485,86928964.5940242
21212,7,12,10,18,12,11,13,13,23,15,24,14,31,25,27,25,29,24,46,16,26,263,421,47,02400521212,Baltimore,MDPV2017_18,16515.2619073594,9164750.19292833
21212,7,12,10,18,12,11,13,13,23,15,24,14,31,25,27,25,29,24,46,16,26,263,421,321,02451021212,Govans,MDPV2017_18,17015.8305103301,10828682.1907797
21804,4,3,10,18,9,11,15,15,28,31,10,20,17,28,22,37,28,27,35,25,23,278,416,287,02404521804,Salisbury,MDPV2017_18,83336.7254594267,230746887.417196
21804,4,3,10,18,9,11,15,15,28,31,10,20,17,28,22,37,28,27,35,25,23,278,416,301,02404721804,Salisbury,MDPV2017_18,52789.4583761351,122302387.407155
21045,5,8,23,13,14,11,14,14,18,24,20,24,18,26,26,20,25,26,29,28,27,255,413,350,02402721045,Columbia,MDPV_2017_18,30275.168918886,42405455.3365614
20653,1,8,9,8,17,8,15,11,16,19,18,24,20,27,19,29,21,27,35,30,26,246,388,379,02403720653,Lexington Park,MDPV_2017_18,129397.338848812,139473459.731065
21044,2,9,14,14,14,14,11,13,18,33,33,27,13,20,18,23,20,22,24,21,25,251,388,361,02402721044,Columbia,MDPV_2017_18,35614.4724335112,53541519.8170262
21113,3,7,12,10,12,16,24,10,12,24,14,11,19,24,23,26,21,22,35,33,26,230,384,505,02400321113,Odenton,MDPV_2017_18,62248.7586146708,64737177.7782459
20640,10,6,11,19,17,9,6,14,9,20,14,19,16,26,23,25,30,35,24,22,25,237,380,128,02401720640,Indian Head,MDPV2017_18,163631.635333911,155141514.46217
21223,3,12,19,24,17,15,19,11,11,26,18,22,13,27,18,19,17,14,31,22,22,215,380,329,02451021223,Franklin,MDPV2017_18,18113.9430277898,10663923.1584032
20646,2,4,10,18,13,8,12,19,15,23,23,18,28,20,22,16,17,29,31,18,27,242,373,130,02401720646,La Plata,MDPV2017_18,208200.866131922,364366501.461384
20723,3,4,11,17,8,10,13,12,14,27,12,15,13,25,23,17,22,26,37,29,20,219,358,368,02402720723,Laurel,MDPV_2017_18,45581.5216471694,59108919.4485597
21784,2,10,17,12,18,14,14,9,26,23,16,16,20,15,25,16,27,20,18,21,14,227,353,101,02401321784,Sykesville,MDPV2017_18,92015.7960531253,199483562.436423
21784,2,10,17,12,18,14,14,9,26,23,16,16,20,15,25,16,27,20,18,21,14,227,353,345,02402721784,Sykesville,MDPV_2017_18,31605.2368437778,44473955.5498118
21014,3,4,6,10,15,6,13,8,15,22,16,20,15,24,14,32,16,22,25,27,33,217,346,204,02402521014,Bel Air,MDPV2017_18,47036.2408556582,60598684.5132946
21085,4,6,9,11,15,9,10,10,21,26,21,21,13,19,15,28,17,26,21,25,14,227,341,22,02400521085,Joppa,MDPV2017_18,8592.47607174057,3687751.72015305
21085,4,6,9,11,15,9,10,10,21,26,21,21,13,19,15,28,17,26,21,25,14,227,341,215,02402521085,Joppa,MDPV2017_18,81758.608107454,78758268.8940995
21157,2,0,14,14,11,16,17,15,9,19,19,20,15,25,18,20,16,18,18,19,35,211,340,96,02401321157,Westminster,MDPV2017_18,148932.167177594,345912552.177848
20878,4,7,10,19,8,8,18,15,16,12,13,14,15,15,20,15,23,25,21,22,25,201,325,436,02403120878,Gaithersburg,MDPV_2017_18,61342.8917169105,87667352.0523163
20616,1,4,4,9,11,9,10,12,14,20,15,24,21,21,26,16,9,24,25,25,20,212,320,122,02401720616,Bryans Road,MDPV2017_18,42673.409585952,45816170.1973584
21801,2,4,5,7,10,14,7,17,22,18,15,11,15,25,19,19,20,13,28,21,28,201,320,286,02404521801,Salisbury,MDPV2017_18,99486.7912540169,185144074.602163
20886,8,4,12,17,7,12,11,12,16,24,12,16,8,18,14,16,17,25,22,30,17,189,318,440,02403120886,Montgomery Village,MDPV_2017_18,39426.8093250674,17732533.2435397
20902,4,8,6,14,9,9,6,11,10,28,19,24,18,22,20,18,14,14,16,16,30,204,316,423,02403120902,Silver Spring,MDPV_2017_18,38578.0437905762,32208412.3531046
21742,0,12,13,8,16,9,11,10,11,15,14,18,15,17,15,24,14,19,34,19,15,183,309,275,02404321742,Hagerstown,MDPV2017_18,107477.552184396,206788204.390438
21078,3,2,10,14,12,9,9,16,10,14,14,18,15,23,21,22,22,19,22,19,14,203,308,212,02402521078,Havre De Grace,MDPV2017_18,81543.7172773279,129079595.861416
20782,3,5,7,13,9,10,15,12,15,18,23,17,13,17,13,23,16,13,22,17,21,195,302,494,02403320782,Hyattsville,MDPV_2017_18,25734.8446133023,17886461.9907206
21901,4,7,15,13,11,12,13,10,12,15,11,17,13,17,21,18,16,20,26,19,11,183,301,105,02401521901,North East,MDPV2017_18,160535.130915993,208047495.585816
21015,1,3,12,7,12,12,9,11,7,17,13,13,19,21,21,17,22,23,17,23,18,193,298,205,02402521015,Bel Air,MDPV2017_18,90134.2191691824,140159688.08163401
21075,2,1,3,7,11,14,9,13,4,21,14,18,16,21,13,18,14,18,23,19,21,179,280,358,02402721075,Elkridge,MDPV_2017_18,49834.8886280153,58842688.0943541
21771,3,8,10,9,11,2,17,12,16,25,6,12,12,17,13,12,13,21,19,17,24,176,279,99,02401321771,Mount Airy,MDPV2017_18,60926.0640119787,96830051.7102475
21771,3,8,10,9,11,2,17,12,16,25,6,12,12,17,13,12,13,21,19,17,24,176,279,172,02402121771,Mount Airy,MDPV2017_18,69787.4615752366,188174470.876287
21771,3,8,10,9,11,2,17,12,16,25,6,12,12,17,13,12,13,21,19,17,24,176,279,344,02402721771,Mount Airy,MDPV_2017_18,45487.3786062501,69182110.0587142
21771,3,8,10,9,11,2,17,12,16,25,6,12,12,17,13,12,13,21,19,17,24,176,279,397,02403121771,Mount Airy,MDPV_2017_18,21343.8341978411,10109217.6558778
21771,3,8,10,9,11,2,17,12,16,25,6,12,12,17,13,12,13,21,19,17,24,176,279,399,02403121771,Mount Airy,MDPV_2017_18,13117.8351507405,6431625.30990862
20724,5,2,8,9,8,2,8,8,13,17,13,10,16,19,18,20,13,17,18,22,26,172,272,504,02400320724,Laurel,MDPV_2017_18,33586.1593157725,33679050.8563765
21403,3,8,13,16,7,13,16,12,10,19,13,8,15,10,17,18,13,17,14,11,13,168,266,526,02400321403,Eastport,MDPV_2017_18,90071.5212742163,39594916.6702181
20770,0,2,8,18,9,7,9,8,12,15,10,13,17,19,14,9,19,15,18,22,20,160,264,459,02403320770,Greenbelt,MDPV_2017_18,29975.2698587074,21243355.8856579
20678,3,5,8,7,12,8,11,4,11,12,11,11,14,16,15,22,11,22,22,16,17,160,258,72,02400920678,Prince Frederick,MDPV2017_18,92935.9134245073,185368393.03940701
20871,3,5,3,5,8,2,7,8,14,12,15,13,12,17,14,14,21,18,20,15,24,165,250,156,02402120871,Clarksburg,MDPV2017_18,16782.9441503075,5907475.70554141
20871,3,5,3,5,8,2,7,8,14,12,15,13,12,17,14,14,21,18,20,15,24,165,250,450,02403120871,Clarksburg,MDPV_2017_18,71789.6209273971,85955706.2567984
21842,12,4,7,18,7,8,7,11,10,13,13,10,8,13,22,19,9,14,20,7,14,149,246,306,02404721842,Ocean City,MDPV2017_18,176220.103304519,39129752.3914293
21401,2,5,15,9,3,7,7,7,16,16,10,11,14,15,12,17,14,23,13,12,16,162,244,542,02400321401,Annapolis,MDPV_2017_18,118935.648559072,88795487.0283866
21158,1,1,6,11,12,9,11,11,15,17,8,11,21,12,18,13,11,12,13,12,13,160,238,97,02401321158,Westminster,MDPV2017_18,107734.881593715,325019220.894486
21114,1,1,11,7,9,8,8,4,7,8,15,9,13,16,21,17,9,17,18,15,22,144,236,509,02400321114,Crofton,MDPV_2017_18,33862.3138424249,21958551.4560998
20876,4,2,12,11,10,8,11,11,8,11,12,18,9,15,12,10,8,12,17,16,17,137,234,401,02403120876,Germantown,MDPV_2017_18,47464.3678345849,49704458.0938299
20901,3,3,4,12,7,9,14,9,11,16,18,11,9,12,17,8,9,19,11,15,17,153,234,431,02403120901,Silver Spring,MDPV_2017_18,24339.1379431494,24076987.0038342
21076,2,1,4,9,10,4,10,11,6,8,9,10,14,14,10,24,15,10,23,28,12,141,234,359,02402721076,Hanover,MDPV_2017_18,14617.4577074032,6315779.23983048
21076,2,1,4,9,10,4,10,11,6,8,9,10,14,14,10,24,15,10,23,28,12,141,234,530,02400321076,Hanover,MDPV_2017_18,6809.74251491102,1551741.25120998
21076,2,1,4,9,10,4,10,11,6,8,9,10,14,14,10,24,15,10,23,28,12,141,234,531,02400321076,Hanover,MDPV_2017_18,62893.1536640235,50048918.7923388
21629,3,3,7,13,15,9,13,9,14,14,12,9,14,20,7,9,10,15,18,14,6,146,234,81,02401121629,Denton,MDPV2017_18,207702.186306043,359673177.369512
21074,1,2,4,6,7,12,7,8,10,14,12,13,16,13,13,18,14,15,19,12,16,153,232,20,02400521074,Hampstead,MDPV2017_18,34277.9751033427,38848952.4558421
21074,1,2,4,6,7,12,7,8,10,14,12,13,16,13,13,18,14,15,19,12,16,153,232,91,02401321074,Hampstead,MDPV2017_18,82846.341479791,125462543.955601
21811,2,6,4,12,3,7,8,8,12,19,12,11,12,22,11,10,13,11,19,13,15,149,230,302,02404721811,Berlin,MDPV2017_18,384937.714121183,409976059.82052
20853,5,6,5,14,6,8,8,6,7,10,4,12,10,21,8,19,16,16,17,14,15,137,227,416,02403120853,Rockville,MDPV_2017_18,40437.4702549196,38123367.149572
20877,1,2,5,5,3,7,10,9,8,15,16,8,12,16,17,17,14,20,21,13,8,162,227,414,02403120877,Gaithersburg,MDPV_2017_18,36905.1085509721,26318511.2495511
21666,0,7,4,8,11,9,9,11,8,13,8,13,8,19,14,13,6,19,16,12,17,141,225,243,02403521666,Stevensville,MDPV2017_18,165306.090803278,93386584.1639335
20708,3,2,5,3,5,3,10,4,9,16,12,11,12,18,15,16,12,12,16,17,19,147,220,455,02403320708,Laurel,MDPV_2017_18,51534.4423701118,61866478.3017196
21613,2,6,6,9,6,3,2,10,11,9,8,16,14,9,14,9,16,17,12,13,19,135,211,139,02401921613,Cambridge,MDPV2017_18,581975.570713191,707112467.024509
21702,0,5,7,13,4,1,4,8,8,11,7,8,17,17,9,11,6,18,23,20,12,124,209,158,02402121702,Frederick,MDPV2017_18,81937.8092077792,199573503.970243
21409,2,5,11,9,11,5,6,6,13,13,7,10,6,9,18,14,5,11,11,13,23,118,208,508,02400321409,Annapolis,MDPV_2017_18,111226.543633582,61071628.6095981
21774,1,5,5,11,8,4,7,10,12,10,9,13,12,10,8,13,13,15,21,12,9,132,208,174,02402121774,New Market,MDPV2017_18,43189.3537988491,69962731.1827842
21012,0,2,2,11,4,9,6,10,7,7,12,13,7,11,16,7,8,10,23,16,20,114,201,507,02400321012,Arnold,MDPV_2017_18,53231.9567691964,41217326.2267221
21601,3,3,9,5,13,5,9,8,7,11,6,18,9,7,9,10,11,19,14,10,15,124,201,255,02404121601,Easton,MDPV2017_18,467704.219703543,481895198.421016
21037,0,1,10,9,5,3,8,6,9,9,6,7,12,13,11,14,12,9,20,17,17,116,198,514,02400321037,Edgewater,MDPV_2017_18,15762.9669753414,5597864.31459163
21037,0,1,10,9,5,3,8,6,9,9,6,7,12,13,11,14,12,9,20,17,17,116,198,527,02400321037,Edgewater,MDPV_2017_18,5823.1934053848,759151.606644432
21037,0,1,10,9,5,3,8,6,9,9,6,7,12,13,11,14,12,9,20,17,17,116,198,540,02400321037,Edgewater,MDPV_2017_18,122662.485865464,67980738.548036993
21205,11,4,12,8,11,7,3,4,3,16,8,12,8,9,9,10,7,13,11,12,18,102,196,314,02451021205,Baltimore,MDPV2017_18,23668.9049612242,8844893.83016902
20619,1,6,5,5,8,9,9,10,9,7,5,9,10,9,8,11,10,15,14,15,16,112,191,388,02403720619,California,MDPV_2017_18,76182.6111106691,71868756.349958
21102,1,2,10,8,5,8,2,5,10,13,5,6,7,13,12,8,8,14,17,19,18,103,191,25,02400521102,Manchester,MDPV2017_18,66224.6678931524,40004943.1038399
21102,1,2,10,8,5,8,2,5,10,13,5,6,7,13,12,8,8,14,17,19,18,103,191,92,02401321102,Manchester,MDPV2017_18,69898.6825975686,135053037.589022
21643,3,1,4,10,9,5,6,2,8,9,9,14,7,16,9,14,13,11,12,18,10,118,190,146,02401921643,Hurlock,MDPV2017_18,113804.541792479,190855761.210515
20732,0,1,4,6,9,4,8,11,7,8,2,8,11,18,12,9,10,11,18,13,18,115,188,77,02400920732,Chesapeake Beach,MDPV2017_18,43689.0957447893,44314865.8637972
20866,3,3,6,10,8,7,7,4,8,8,10,4,12,10,9,12,15,13,8,12,16,112,185,446,02403120866,Burtonsville,MDPV_2017_18,36224.5412079791,31773676.9193356
21911,1,3,9,7,6,7,16,11,12,11,3,13,6,11,11,9,10,10,9,12,8,123,185,108,02401521911,Rising Sun,MDPV2017_18,85394.5820179365,161578410.977719
20639,1,2,7,8,5,3,12,6,9,9,7,14,11,10,13,7,12,12,16,10,9,122,183,69,02400920639,Huntingtown,MDPV2017_18,84618.1914564093,186529130.161413
21219,1,3,5,5,5,11,8,5,5,12,9,11,6,13,7,12,11,13,10,9,22,112,183,49,02400521219,Sparrows Point,MDPV2017_18,86925.3198488551,46446782.5564566
21787,0,1,4,5,5,6,5,6,11,8,5,6,14,11,8,11,13,13,23,19,8,111,182,102,02401321787,Taneytown,MDPV2017_18,97801.0597997111,232821382.650003
21787,0,1,4,5,5,6,5,6,11,8,5,6,14,11,8,11,13,13,23,19,8,111,182,180,02402121787,Taneytown,MDPV2017_18,37536.7912313523,32601971.4498846
21788,2,1,9,8,7,8,9,6,4,10,9,14,7,9,10,12,7,4,15,14,16,101,181,181,02402121788,Thurmont,MDPV2017_18,105162.728925928,276389857.346293
21093,2,3,9,4,8,10,10,7,8,13,11,8,5,10,8,10,13,11,13,10,7,114,180,24,02400521093,Lutherville Timonium,MDPV2017_18,84276.6248839262,90272923.0969961
21043,1,5,4,8,8,4,9,9,7,13,9,8,6,13,11,13,6,16,6,10,13,120,179,15,02400521043,Ellicott City,MDPV2017_18,14559.5683064066,3633438.62030051
21043,1,5,4,8,8,4,9,9,7,13,9,8,6,13,11,13,6,16,6,10,13,120,179,354,02402721043,Ellicott City,MDPV_2017_18,55896.260162935,72005248.8412803
21209,3,4,10,5,6,6,9,9,10,14,11,7,10,16,8,11,5,11,8,12,4,121,179,45,02400521209,Baltimore,MDPV2017_18,19934.4184057995,15639345.5013646
21209,3,4,10,5,6,6,9,9,10,14,11,7,10,16,8,11,5,11,8,12,4,121,179,318,02451021209,Mt Washington,MDPV2017_18,24091.2796854239,13242876.8172387
20737,2,1,8,4,7,4,3,8,7,10,6,5,13,13,7,11,11,11,15,15,15,105,176,498,02403320737,Riverdale,MDPV_2017_18,23475.5092607856,13918187.0873196
21202,2,3,10,7,5,2,3,8,6,9,11,7,8,13,8,11,15,9,16,13,9,108,175,313,02451021202,Baltimore,MDPV2017_18,20811.3205250996,6949843.61513861
21108,2,3,10,6,6,4,11,8,8,8,15,7,10,7,8,7,10,14,8,11,11,113,174,546,02400321108,Millersville,MDPV_2017_18,69392.0440232387,58532547.4938481
20854,4,1,5,7,3,5,10,8,10,15,5,5,8,12,7,12,10,14,15,7,8,116,171,438,02403120854,Potomac,MDPV_2017_18,78118.361942322,159832420.574139
21632,3,3,7,5,4,10,7,6,7,9,3,8,4,11,6,10,14,16,16,9,10,101,168,82,02401121632,Federalsburg,MDPV2017_18,111012.975116458,266107528.358838
21632,3,3,7,5,4,10,7,6,7,9,3,8,4,11,6,10,14,16,16,9,10,101,168,144,02401921632,Federalsburg,MDPV2017_18,64195.6343042053,74399918.1294848
20685,1,3,3,6,7,6,5,6,5,9,7,14,10,12,11,10,8,11,13,6,12,108,165,73,02400920685,Saint Leonard,MDPV2017_18,94120.1742985295,96881867.7498422
20832,2,1,7,6,5,6,11,3,8,9,8,14,4,8,11,9,12,9,12,5,13,106,163,410,02403120832,Olney,MDPV_2017_18,41140.6239808056,42582687.0296451
21550,7,4,10,4,10,6,6,4,6,8,8,17,4,5,7,9,11,11,11,5,8,96,161,196,02402321550,Oakland,MDPV2017_18,172416.333600258,906600382.222706
20850,0,4,12,9,5,4,5,5,9,9,4,8,4,12,6,13,15,7,9,6,14,97,160,437,02403120850,Rockville,MDPV_2017_18,55004.4147418082,59267414.5597703
20740,1,2,8,7,6,9,8,6,4,10,6,8,7,11,7,9,9,5,5,12,19,90,159,482,02403320740,College Park,MDPV_2017_18,44037.7516624678,37062127.9403959
21875,0,4,3,4,8,1,8,4,9,8,5,9,7,12,7,5,10,15,21,12,7,99,159,299,02404521875,Delmar,MDPV2017_18,70728.3995920498,98467408.6102357
20905,0,0,5,8,8,7,3,2,5,3,8,7,6,16,9,19,11,9,9,7,10,98,152,445,02403120905,Silver Spring,MDPV_2017_18,72598.6509692567,52731119.8767044
21231,3,4,3,4,5,4,10,5,6,3,9,12,11,10,7,8,11,6,10,10,7,98,148,337,02451021231,Baltimore,MDPV2017_18,14529.0896789253,3571275.09933219
21532,2,3,7,7,6,3,5,3,6,6,7,4,8,6,10,7,10,13,13,6,16,85,148,4,02400121532,Frostburg,MDPV2017_18,58275.9507166473,188918095.795485
21532,2,3,7,7,6,3,5,3,6,6,7,4,8,6,10,7,10,13,13,6,16,85,148,191,02402321532,Frostburg,MDPV2017_18,101225.223476339,163250103.436762
21716,1,1,2,6,4,3,2,6,10,2,7,7,7,6,11,11,10,8,11,15,18,87,148,162,02402121716,Brunswick,MDPV2017_18,17990.6097135317,13085794.624868
21050,1,3,8,11,1,5,4,1,7,5,11,11,4,9,6,10,11,8,12,8,11,87,147,211,02402521050,Forest Hill,MDPV2017_18,63308.5930171821,125119946.396143
21042,1,5,3,7,2,7,8,6,9,4,7,6,8,10,11,11,10,4,12,10,5,94,146,360,02402721042,Ellicott City,MDPV_2017_18,73086.5382227489,160204871.736468
21617,0,3,1,7,7,9,2,5,5,6,7,6,4,9,15,10,13,7,9,13,6,89,144,232,02403521617,Centreville,MDPV2017_18,272049.899786391,470388845.469631
21211,0,3,5,10,5,7,3,5,6,8,6,12,10,10,6,11,3,7,10,7,9,87,143,320,02451021211,Baltimore,MDPV2017_18,17346.5557641232,8613473.26949877
21286,2,1,4,5,4,2,4,6,7,6,4,15,10,10,7,10,8,7,10,10,10,94,142,66,02400521286,Towson,MDPV2017_18,42481.1341687801,38282949.3236304
20769,3,1,3,8,5,7,3,2,5,10,6,5,10,7,6,7,4,12,16,12,9,77,141,477,02403320769,Glenn Dale,MDPV_2017_18,29672.5276356941,21505100.9629962
21128,1,6,6,9,6,4,3,4,7,7,6,6,5,9,12,7,7,11,7,7,11,84,141,30,02400521128,Perry Hall,MDPV2017_18,46881.4768548309,28973815.1785204
21146,2,4,4,3,2,3,2,9,3,3,9,6,10,12,8,11,15,15,4,10,6,103,141,547,02400321146,Severna Park,MDPV_2017_18,67758.7268437781,43941043.4329852
21704,0,0,3,4,7,1,9,5,8,17,6,4,6,7,10,5,4,10,16,10,9,91,141,160,02402121704,Frederick,MDPV2017_18,73667.4645657964,121005152.165768
20852,1,3,4,9,5,8,5,2,5,12,6,5,8,10,11,12,8,4,8,5,9,88,140,448,02403120852,Rockville,MDPV_2017_18,39395.375953906,37559451.8146858
20794,1,3,3,5,5,5,6,11,4,3,4,7,8,12,8,6,5,9,16,7,10,83,138,364,02402720794,Jessup,MDPV_2017_18,32353.1293119593,31196968.687301
20794,1,3,3,5,5,5,6,11,4,3,4,7,8,12,8,6,5,9,16,7,10,83,138,548,02400320794,Jessup,MDPV_2017_18,25906.5379689904,13692113.2117646
20781,0,4,2,4,5,7,5,6,6,8,5,6,7,10,6,14,8,12,11,5,6,93,137,467,02403320781,Hyattsville,MDPV_2017_18,11372.5981658341,4032485.15494752
20781,0,4,2,4,5,7,5,6,6,8,5,6,7,10,6,14,8,12,11,5,6,93,137,495,02403320781,Hyattsville,MDPV_2017_18,19602.3319883134,7089147.24056519
20912,1,2,4,7,6,4,2,3,3,10,2,5,4,11,9,9,3,12,9,7,24,73,137,432,02403120912,Takoma Park,MDPV_2017_18,18239.2516464756,9854270.11477157
20912,1,2,4,7,6,4,2,3,3,10,2,5,4,11,9,9,3,12,9,7,24,73,137,475,02403320912,Takoma Park,MDPV_2017_18,9682.7119432562,1307083.70759381
21793,2,2,4,6,0,2,6,2,6,13,2,5,8,11,8,8,14,9,9,11,9,92,137,184,02402121793,Walkersville,MDPV2017_18,52120.2436885463,94007960.8695899
21713,2,1,9,8,6,5,5,9,5,10,9,6,7,10,4,2,5,7,9,5,11,79,135,270,02404321713,Boonsboro,MDPV2017_18,83179.256497714,178290123.749119
21853,0,4,5,7,5,2,2,5,2,21,4,10,5,7,5,7,6,9,8,12,8,83,134,252,02403921853,Princess Anne,MDPV2017_18,171089.097998293,496019982.016808
20903,0,4,3,4,6,8,5,6,5,9,7,8,4,6,4,8,7,10,8,8,12,79,132,433,02403120903,Silver Spring,MDPV_2017_18,22578.4212038007,15137242.2446397
20903,0,4,3,4,6,8,5,6,5,9,7,8,4,6,4,8,7,10,8,8,12,79,132,471,02403320903,Silver Spring,MDPV_2017_18,6469.00475746976,844082.950326449
20634,1,0,4,3,5,6,2,5,4,7,4,6,9,11,4,9,9,10,10,11,10,80,130,392,02403720634,Great Mills,MDPV_2017_18,53123.7310745639,30202555.0275965
21048,1,2,4,4,5,5,3,5,7,2,7,8,8,7,4,8,7,14,8,8,12,80,129,90,02401321048,Finksburg,MDPV2017_18,75995.5060825238,117124107.384093
21620,3,6,1,7,3,2,1,7,5,5,9,9,8,12,12,5,9,8,5,7,5,90,129,223,02402921620,Chestertown,MDPV2017_18,271184.768192669,384036746.138427
21620,3,6,1,7,3,2,1,7,5,5,9,9,8,12,12,5,9,8,5,7,5,90,129,234,02403521620,Chestertown,MDPV2017_18,92246.4939875861,129385295.5986
20722,2,2,4,4,3,9,3,4,5,7,6,4,5,5,8,11,6,6,12,9,13,70,128,464,02403320722,Brentwood,MDPV_2017_18,13259.2381252577,6836357.43947956
21639,0,3,0,8,4,4,3,4,6,7,9,5,11,8,6,4,8,8,10,9,11,79,128,84,02401121639,Greensboro,MDPV2017_18,99970.1327521622,144399407.421933
21226,0,3,5,6,5,7,7,5,6,10,5,4,7,5,5,7,5,12,9,7,6,78,126,332,02451021226,Curtis Bay,MDPV2017_18,57396.6781763041,20506172.5633801
21226,0,3,5,6,5,7,7,5,6,10,5,4,7,5,5,7,5,12,9,7,6,78,126,502,02400321226,Curtis Bay,MDPV_2017_18,12201.5329735944,5979000.42108574
21226,0,3,5,6,5,7,7,5,6,10,5,4,7,5,5,7,5,12,9,7,6,78,126,544,02400321226,Curtis Bay,MDPV_2017_18,42952.1056055241,18204747.9726862
20851,1,1,5,8,3,6,7,2,5,8,7,6,5,7,8,10,9,5,6,4,11,79,124,422,02403120851,Rockville,MDPV_2017_18,15236.0084406828,10491571.3360306
21017,0,2,7,3,4,4,5,5,2,11,9,8,4,7,7,8,6,7,6,11,6,79,122,206,02402521017,Belcamp,MDPV2017_18,17738.6479420423,10506022.1421114
20910,0,1,8,3,5,2,6,3,6,5,7,1,10,10,7,9,5,7,7,9,7,76,118,425,02403120910,Silver Spring,MDPV_2017_18,28159.8564939176,19548808.7437581
21030,0,3,4,5,3,6,2,3,6,8,7,4,8,6,10,11,2,6,6,7,11,73,118,13,02400521030,Cockeysville,MDPV2017_18,95693.9133553603,102445588.228076
21638,0,2,12,8,2,3,5,2,4,5,6,7,6,6,6,3,6,12,11,6,6,68,118,236,02403521638,Grasonville,MDPV2017_18,101645.190726363,39263051.4622807
21903,1,3,1,3,1,2,3,7,1,4,5,10,6,5,8,8,8,6,15,11,9,71,117,106,02401521903,Perryville,MDPV2017_18,61940.8962697747,64651281.3357278
21783,2,2,1,1,4,4,6,2,9,5,10,6,3,5,7,11,2,12,4,10,10,78,116,179,02402121783,Smithsburg,MDPV2017_18,37510.5370202663,49583348.3396156
21783,2,2,1,1,4,4,6,2,9,5,10,6,3,5,7,11,2,12,4,10,10,78,116,284,02404321783,Smithsburg,MDPV2017_18,70398.4897448962,152564329.036357
20882,1,3,3,3,2,1,2,4,3,6,5,4,4,6,9,7,13,9,9,13,7,72,114,439,02403120882,Gaithersburg,MDPV_2017_18,84901.4240126987,163472460.672217
20636,3,1,6,4,6,15,9,2,5,4,6,8,5,4,4,4,2,5,10,3,5,58,111,382,02403720636,Hollywood,MDPV_2017_18,108913.907566468,135974695.19073
21054,0,1,4,4,6,5,2,11,5,5,5,5,4,5,9,12,5,4,7,4,5,72,108,528,02400321054,Gambrills,MDPV_2017_18,100170.52612137,72915903.6978732
20650,0,0,3,5,3,5,4,8,8,7,1,7,4,6,9,2,6,5,12,10,2,67,107,389,02403720650,Leonardtown,MDPV_2017_18,217342.780232717,258843658.711065
21817,1,0,2,7,5,6,5,7,4,6,4,3,3,12,6,6,7,7,6,4,5,70,106,246,02403921817,Crisfield,MDPV2017_18,452131.474987324,96400755.9664164
21046,2,4,3,4,2,3,3,5,5,6,5,7,4,10,5,4,6,10,11,4,2,70,105,352,02402721046,Columbia,MDPV_2017_18,34287.5457013841,35018346.6808075
21162,3,1,0,4,2,0,1,5,6,7,5,4,6,4,10,5,8,5,9,10,7,66,102,39,02400521162,White Marsh,MDPV2017_18,46672.5584964456,34803040.5361782
20872,0,1,3,6,1,2,6,9,4,5,7,5,5,7,6,7,5,4,8,7,3,70,101,398,02403120872,Damascus,MDPV_2017_18,59966.9793059788,86572161.777623
21047,0,1,2,3,6,3,3,1,2,5,4,6,6,12,4,7,6,5,5,10,10,61,101,210,02402521047,Fallston,MDPV2017_18,76845.832281008,101886228.888842
20623,0,1,4,4,4,2,1,3,5,9,5,3,7,8,7,6,10,6,8,5,2,70,100,480,02403320623,Cheltenham,MDPV_2017_18,18279.5175699662,12258389.4188586
20855,1,0,2,3,5,4,7,5,3,4,7,5,6,8,4,7,4,8,5,5,3,68,96,409,02403120855,Derwood,MDPV_2017_18,49003.2488478875,59192395.0502492
20714,1,1,3,6,4,7,2,8,5,5,0,5,8,3,4,3,3,6,9,6,5,52,94,76,02400920714,North Beach,MDPV2017_18,9096.9601765915,3750335.7351985
20714,1,1,3,6,4,7,2,8,5,5,0,5,8,3,4,3,3,6,9,6,5,52,94,524,02400320714,North Beach,MDPV_2017_18,9657.63301758745,2887341.90414984
21904,1,2,2,1,5,4,2,3,2,5,4,3,2,10,10,5,5,10,9,5,3,61,93,107,02401521904,Port Deposit,MDPV2017_18,57476.1699362456,106355611.588842
20637,0,3,6,2,1,4,3,3,1,2,4,5,5,8,6,5,6,8,3,7,10,56,92,127,02401720637,Hughesville,MDPV2017_18,84712.1195124575,130860220.628049
20817,1,2,2,5,5,8,5,6,6,5,3,2,3,6,2,3,5,2,6,9,6,48,92,443,02403120817,Bethesda,MDPV_2017_18,53603.3453136026,60689957.8663101
21090,2,1,1,6,4,6,3,4,3,4,4,3,6,4,5,3,3,2,9,8,11,44,92,501,02400321090,Linthicum Heights,MDPV_2017_18,25901.06640214,28351061.5419995
21851,1,2,6,2,4,4,4,0,3,2,4,5,6,3,2,10,8,3,9,7,7,50,92,251,02403921851,Pocomoke City,MDPV2017_18,53883.0015131721,82974003.0816837
21851,1,2,6,2,4,4,4,0,3,2,4,5,6,3,2,10,8,3,9,7,7,50,92,307,02404721851,Pocomoke City,MDPV2017_18,119035.039931791,380226177.215286
21782,1,0,5,4,3,7,5,0,6,5,7,2,3,5,5,7,10,4,5,3,4,59,91,283,02404321782,Sharpsburg,MDPV2017_18,103262.063101718,150453937.880905
21769,0,1,3,6,0,4,4,1,3,7,3,4,1,6,5,6,5,7,10,7,4,52,87,170,02402121769,Middletown,MDPV2017_18,81922.4720439335,182426571.919145
21769,0,1,3,6,0,4,4,1,3,7,3,4,1,6,5,6,5,7,10,7,4,52,87,280,02404321769,Middletown,MDPV2017_18,7958.57327604521,1740852.2026857
21619,1,0,4,3,4,3,1,3,1,8,6,6,6,3,6,4,2,3,8,8,5,49,85,233,02403521619,Chester,MDPV2017_18,122012.071830163,41663477.4033121
21795,0,1,4,7,3,4,1,6,6,4,3,6,2,7,6,3,5,6,2,0,6,55,82,285,02404321795,Williamsport,MDPV2017_18,80977.6156871518,142100267.947424
20736,2,3,3,5,2,3,2,4,4,2,2,1,3,2,4,7,4,7,8,6,6,42,80,78,02400920736,Owings,MDPV2017_18,73011.6735964732,108242225.245796
20736,2,3,3,5,2,3,2,4,4,2,2,1,3,2,4,7,4,7,8,6,6,42,80,536,02400320736,Owings,MDPV_2017_18,19876.6403798011,4209252.82803686
20676,1,1,3,0,2,1,4,2,4,5,2,5,6,6,3,11,4,7,4,4,4,59,79,71,02400920676,Port Republic,MDPV2017_18,59700.1877879451,59569032.639938
21758,0,0,8,2,2,1,3,0,5,2,2,4,6,8,6,6,7,4,7,2,4,53,79,169,02402121758,Knoxville,MDPV2017_18,51929.4845358789,80583988.8730642
21758,0,0,8,2,2,1,3,0,5,2,2,4,6,8,6,6,7,4,7,2,4,53,79,278,02404321758,Knoxville,MDPV2017_18,44391.6002405386,73571617.1669692
20895,5,0,3,5,6,2,2,1,7,3,1,4,3,5,6,6,3,5,3,5,2,46,77,424,02403120895,Kensington,MDPV_2017_18,22698.443286828,15994019.8816851
20895,5,0,3,5,6,2,2,1,7,3,1,4,3,5,6,6,3,5,3,5,2,46,77,449,02403120895,Kensington,MDPV_2017_18,7785.69231909666,2189963.53774555
20764,0,1,1,1,6,2,1,2,2,4,1,4,4,7,9,4,5,6,5,6,5,49,76,516,02400320764,Shady Side,MDPV_2017_18,36108.9793082255,16041385.2028017
21562,2,2,6,3,2,3,2,3,3,4,1,4,5,6,3,5,5,3,6,5,3,44,76,10,02400121562,Westernport,MDPV2017_18,45380.1992314589,54008206.6014767
21562,2,2,6,3,2,3,2,3,3,4,1,4,5,6,3,5,5,3,6,5,3,44,76,198,02402321562,Westernport,MDPV2017_18,30194.6702996949,33161137.7771691
21154,4,2,3,2,1,6,5,1,5,5,3,4,4,4,5,4,2,3,3,2,6,45,74,219,02402521154,Street,MDPV2017_18,103860.382523287,171787579.839218
21776,1,0,6,6,0,0,1,3,4,9,1,3,2,3,4,4,7,3,7,4,6,44,74,100,02401321776,New Windsor,MDPV2017_18,81558.476037572,123002033.435466
21776,1,0,6,6,0,0,1,3,4,9,1,3,2,3,4,4,7,3,7,4,6,44,74,175,02402121776,New Windsor,MDPV2017_18,32034.286374733,36802527.9282452
21032,1,1,2,4,1,3,1,2,5,3,3,4,3,5,6,6,6,5,3,1,8,49,73,541,02400321032,Crownsville,MDPV_2017_18,81021.6309558711,77167209.1109969
21754,0,1,5,3,2,2,3,1,4,4,5,3,3,2,5,3,6,4,7,4,6,43,73,166,02402121754,Ijamsville,MDPV2017_18,60130.263215298,98716830.6595021
20814,2,1,3,3,1,0,6,5,1,5,5,8,1,2,6,3,4,2,9,2,3,48,72,444,02403120814,Bethesda,MDPV_2017_18,42679.9052825899,19183381.6436109
21826,1,2,5,0,4,2,5,4,5,6,4,3,2,5,3,2,6,3,3,2,4,48,71,290,02404521826,Fruitland,MDPV2017_18,19941.7673816786,14984698.4860359
21722,0,0,1,2,2,3,3,5,6,8,2,4,4,2,4,1,1,6,5,6,5,46,70,272,02404321722,Clear Spring,MDPV2017_18,88115.4484045584,253529707.285481
21797,2,2,1,4,2,1,6,0,3,3,2,3,2,5,4,6,6,3,6,2,7,43,70,104,02401321797,Woodbine,MDPV2017_18,55033.366182334,67176584.1215523
21797,2,2,1,4,2,1,6,0,3,3,2,3,2,5,4,6,6,3,6,2,7,43,70,346,02402721797,Woodbine,MDPV_2017_18,60263.6215970118,127883345.287987
21797,2,2,1,4,2,1,6,0,3,3,2,3,2,5,4,6,6,3,6,2,7,43,70,400,02403121797,Woodbine,MDPV_2017_18,8068.65887753362,2837494.46990803
21756,1,1,2,2,2,5,3,5,2,7,1,1,3,4,5,4,3,7,7,2,2,45,69,277,02404321756,Keedysville,MDPV2017_18,58126.8175482743,91366800.2099546
21161,1,2,2,1,3,2,1,2,1,7,2,3,6,1,6,4,3,5,5,3,8,41,68,38,02400521161,White Hall,MDPV2017_18,56340.9619411719,99165850.8182752
21161,1,2,2,1,3,2,1,2,1,7,2,3,6,1,6,4,3,5,5,3,8,41,68,221,02402521161,White Hall,MDPV2017_18,59069.9464697858,115403385.481845
20710,0,3,1,0,2,2,3,1,1,5,2,5,3,4,9,6,2,7,4,4,3,48,67,492,02403320710,Bladensburg,MDPV_2017_18,15475.3463853856,4771418.20835603
21201,0,0,5,4,2,2,3,4,5,3,9,1,3,5,2,3,3,2,5,3,3,43,67,312,02451021201,Baltimore,MDPV2017_18,15484.8713979067,5728301.53366426
20833,0,1,5,2,5,0,1,2,3,3,4,2,5,3,6,5,3,3,3,6,4,40,66,349,02402720833,Brookeville,MDPV_2017_18,16636.3817860785,8676473.72355767
20833,0,1,5,2,5,0,1,2,3,3,4,2,5,3,6,5,3,3,3,6,4,40,66,442,02403120833,Brookeville,MDPV_2017_18,67575.8696767377,81151634.0589575
21791,0,3,2,0,2,2,2,1,4,2,1,3,4,4,7,6,4,6,3,2,8,44,66,103,02401321791,Union Bridge,MDPV2017_18,65124.0812755684,78089977.8251529
21791,0,3,2,0,2,2,2,1,4,2,1,3,4,4,7,6,4,6,3,2,8,44,66,183,02402121791,Union Bridge,MDPV2017_18,71417.7512856117,125943004.82519
21770,0,0,1,4,0,1,7,3,2,1,5,4,4,7,3,4,3,2,7,3,4,45,65,171,02402121770,Monrovia,MDPV2017_18,37795.0034253732,50227389.7379513
21750,1,0,2,1,6,5,2,2,1,4,1,5,0,5,2,1,5,2,2,4,13,30,64,276,02404321750,Hancock,MDPV2017_18,115972.641824012,269390473.647515
20815,2,0,0,0,2,2,3,2,3,4,6,5,8,7,5,1,1,2,4,3,3,47,63,426,02403120815,Chevy Chase,MDPV_2017_18,28991.8080177592,23633612.1702359
21660,2,0,1,4,5,0,2,2,2,2,3,2,3,5,6,2,3,5,5,6,3,37,63,89,02401121660,Ridgely,MDPV2017_18,79398.417162264,138656909.177004
20664,0,0,3,2,5,4,1,2,4,3,5,7,1,2,2,5,4,2,4,4,2,38,62,134,02401720664,Newburg,MDPV2017_18,154523.049784374,178646477.225684
20841,1,1,1,2,5,3,3,6,6,7,7,3,3,2,0,2,2,0,3,2,2,41,61,402,02403120841,Boyds,MDPV_2017_18,88767.1887532154,124426394.706138
21661,0,3,3,5,3,2,4,1,1,2,3,4,3,5,2,2,3,1,2,2,9,31,60,228,02402921661,Rock Hall,MDPV2017_18,225262.528094066,139557277.483018
20662,0,0,1,0,2,2,4,0,18,0,1,6,6,6,2,1,2,1,2,3,2,47,59,133,02401720662,Nanjemoy,MDPV2017_18,104678.608272836,245750082.176043
21545,0,0,5,1,3,2,1,1,3,2,1,1,1,6,5,5,3,11,5,2,1,40,59,7,02400121545,Mount Savage,MDPV2017_18,40565.1569591792,91713411.2998259
21863,0,1,1,3,1,2,2,1,2,5,2,2,4,4,3,7,2,5,3,3,6,39,59,309,02404721863,Snow Hill,MDPV2017_18,186572.537790195,482701870.53005
21919,0,2,3,3,1,5,3,4,2,5,2,3,3,3,6,4,4,2,1,1,2,41,59,113,02401521919,Earleville,MDPV2017_18,157798.182927257,210290878.234237
21084,0,0,2,2,3,1,3,1,3,1,3,5,5,4,5,3,4,2,4,3,3,39,57,214,02402521084,Jarrettsville,MDPV2017_18,69042.8557345168,111339282.782544
21623,0,0,1,3,0,1,4,2,3,6,3,1,5,3,3,7,4,5,2,1,2,46,56,235,02403521623,Church Hill,MDPV2017_18,98404.2663106699,142621858.125074
21850,1,1,1,4,0,1,3,2,2,5,3,3,1,4,2,1,4,7,7,3,1,37,56,295,02404521850,Pittsville,MDPV2017_18,70466.4238986408,122576026.820745
20622,1,0,2,3,3,1,3,3,0,3,3,4,1,4,3,3,3,3,5,3,4,33,55,124,02401720622,Charlotte Hall,MDPV2017_18,98821.7468548567,134950497.634602
20622,1,0,2,3,3,1,3,3,0,3,3,4,1,4,3,3,3,3,5,3,4,33,55,380,02403720622,Charlotte Hall,MDPV_2017_18,37308.8928993753,26039206.6912952
20754,0,1,4,2,3,1,10,5,1,3,1,3,2,2,3,3,1,0,1,2,7,34,55,79,02400920754,Dunkirk,MDPV2017_18,42737.577483472,59430115.3216489
20754,0,1,4,2,3,1,10,5,1,3,1,3,2,2,3,3,1,0,1,2,7,34,55,523,02400320754,Dunkirk,MDPV_2017_18,20021.4310835057,10583088.8226522
21087,1,0,0,2,1,1,0,2,0,0,1,5,1,7,4,5,6,4,3,3,8,35,54,23,02400521087,Kingsville,MDPV2017_18,49987.9636511691,58260944.9026667
21087,1,0,0,2,1,1,0,2,0,0,1,5,1,7,4,5,6,4,3,3,8,35,54,216,02402521087,Kingsville,MDPV2017_18,10854.7810310604,5160265.37797905
21655,2,2,2,3,2,1,2,2,1,2,2,2,4,6,3,3,3,3,5,2,2,33,54,87,02401121655,Preston,MDPV2017_18,134885.015768613,229148149.56931
21163,1,1,0,4,1,3,2,2,3,1,1,2,3,3,3,6,3,3,2,4,5,32,53,40,02400521163,Woodstock,MDPV2017_18,40263.2713334053,41968181.4140765
21163,1,1,0,4,1,3,2,2,3,1,1,2,3,3,3,6,3,3,2,4,5,32,53,347,02402721163,Woodstock,MDPV_2017_18,14466.6438396221,11892396.2266116
20712,2,0,2,3,2,1,2,3,4,5,3,1,1,2,2,2,3,4,2,4,4,32,52,473,02403320712,Mount Rainier,MDPV_2017_18,9630.85729322838,2962828.78304278
21830,0,2,2,1,1,1,6,0,2,4,3,2,2,2,3,2,5,3,6,3,2,34,52,291,02404521830,Hebron,MDPV2017_18,107288.834526425,142236972.668162
21837,1,1,2,3,3,3,2,2,1,2,1,2,3,5,3,4,2,2,6,2,2,29,52,292,02404521837,Mardela Springs,MDPV2017_18,152388.424318019,200539942.335291
21035,0,1,3,1,0,2,5,2,0,3,3,2,3,4,3,3,3,3,1,1,8,34,51,525,02400321035,Davidsonville,MDPV_2017_18,61981.4066638276,119244476.84965
21204,4,1,3,3,1,1,1,1,0,2,3,3,1,4,2,2,4,4,4,5,2,27,51,41,02400521204,Towson,MDPV2017_18,31806.303182402102,25125569.800724
20675,1,3,0,3,3,2,1,2,3,4,0,4,1,1,2,2,2,1,2,3,10,23,50,135,02401720675,Pomfret,MDPV2017_18,30670.9686948618,26720024.8457442
20837,0,2,3,0,2,1,3,2,4,3,2,3,0,3,3,3,2,4,2,4,4,32,50,412,02403120837,Poolesville,MDPV_2017_18,65781.470826691,183220741.492106
20733,1,0,1,0,2,3,1,0,4,6,3,2,0,4,2,5,3,4,3,2,3,34,49,517,02400320733,Churchton,MDPV_2017_18,31646.9580343604,17876762.2179394
21131,1,0,0,5,1,1,4,1,0,6,1,1,2,6,2,2,1,3,4,3,5,29,49,31,02400521131,Phoenix,MDPV2017_18,77612.5521059552,90680487.4371769
21152,1,1,1,0,2,1,2,2,2,0,2,2,2,5,5,4,4,4,4,3,2,34,49,34,02400521152,Sparks Glencoe,MDPV2017_18,69454.6802788873,106877552.951412
21727,1,0,1,1,3,0,0,2,1,4,2,1,5,4,3,4,3,2,4,3,5,31,49,165,02402121727,Emmitsburg,MDPV2017_18,70675.75104384,144203673.491066
21034,0,0,0,1,3,2,4,0,5,6,2,0,1,4,3,2,3,0,0,4,8,30,48,208,02402521034,Darlington,MDPV2017_18,71276.821413703,119464995.221734
21651,1,0,2,1,3,2,2,1,7,3,3,2,3,2,2,3,2,2,5,1,1,32,48,227,02402921651,Millington,MDPV2017_18,106212.638264561,119579748.508597
21651,1,0,2,1,3,2,2,1,7,3,3,2,3,2,2,3,2,2,5,1,1,32,48,240,02403521651,Millington,MDPV2017_18,91209.5367674156,65004813.8920532
20861,0,1,1,0,0,0,2,0,0,4,0,0,1,1,2,2,2,22,3,3,1,36,45,415,02403120861,Ashton,MDPV_2017_18,31124.0081020969,21384471.615234
21915,1,1,1,3,2,5,6,3,4,2,2,2,0,3,2,1,2,1,1,2,1,28,45,110,02401521915,Chesapeake City,MDPV2017_18,85992.6574811283,114262160.348942
20618,2,1,2,2,1,1,3,3,2,3,0,4,4,3,4,2,1,2,0,0,3,31,43,386,02403720618,Bushwood,MDPV_2017_18,42433.9373109368,33276259.4893687
21755,0,0,0,2,1,1,0,3,4,5,0,1,2,5,3,2,2,4,4,3,1,31,43,167,02402121755,Jefferson,MDPV2017_18,96976.8263893801,144443943.172329
21640,0,0,2,1,1,1,3,1,5,2,3,3,2,2,1,1,1,2,5,3,3,26,42,85,02401121640,Henderson,MDPV2017_18,72404.4916358937,84081102.8033887
21640,0,0,2,1,1,1,3,1,5,2,3,3,2,2,1,1,1,2,5,3,3,26,42,237,02403521640,Henderson,MDPV2017_18,36478.6278240347,28824835.3514761
20689,0,1,2,3,0,1,2,0,0,1,1,2,2,2,4,1,3,5,5,4,1,23,40,75,02400920689,Sunderland,MDPV2017_18,28510.0497113485,30014596.0841498
21631,0,1,7,2,2,1,4,3,0,1,0,2,2,5,1,1,0,1,5,1,1,20,40,143,02401921631,East New Market,MDPV2017_18,115046.766373215,110449806.477872
21029,0,1,2,4,3,0,2,2,2,0,1,3,0,5,1,2,1,0,3,5,2,19,39,362,02402721029,Clarksville,MDPV_2017_18,76065.7912726434,70576932.4092853
21557,1,2,1,0,2,1,0,1,3,3,3,2,1,1,3,1,0,9,0,2,3,27,39,9,02400121557,Rawlings,MDPV2017_18,66348.670262829,109637092.273646
21710,1,0,0,5,1,2,1,3,2,3,2,0,2,3,1,2,3,2,1,2,3,24,39,161,02402121710,Adamstown,MDPV2017_18,62715.8911821771,106353806.222484
21120,0,0,5,2,0,2,1,3,1,3,1,2,3,2,0,0,5,6,0,1,1,27,38,29,02400521120,Parkton,MDPV2017_18,168038.078534149,195497674.540402
21917,0,0,0,3,4,1,2,2,1,2,2,4,2,2,2,3,2,1,0,2,2,25,37,111,02401521917,Colora,MDPV2017_18,35177.7740752244,34776242.448386
21849,0,2,2,2,3,1,1,3,2,1,3,2,2,2,1,6,1,1,0,1,0,25,36,294,02404521849,Parsonsburg,MDPV2017_18,93159.1156453707,153329208.016875
21053,0,1,0,3,0,2,1,1,1,2,1,3,5,4,1,2,0,1,2,3,2,22,35,17,02400521053,Freeland,MDPV2017_18,54809.3272514984,92700676.0074241
21528,0,0,2,1,0,1,1,0,2,1,1,3,1,1,2,1,6,3,3,2,4,22,35,NA,NA,NA,NA,NA,NA
21539,0,0,4,3,2,1,0,1,3,3,2,1,1,3,2,3,1,1,1,0,2,21,34,5,02400121539,Lonaconing,MDPV2017_18,35065.6071654564,65669460.7667893
21539,0,0,4,3,2,1,0,1,3,3,2,1,1,3,2,3,1,1,1,0,2,21,34,194,02402321539,Lonaconing,MDPV2017_18,65617.0585323468,115653880.702246
21658,0,1,2,3,1,1,3,3,3,3,3,1,0,3,2,1,0,0,1,1,2,22,34,242,02403521658,Queenstown,MDPV2017_18,274806.846827314,176946063.365047
21757,0,0,0,3,1,3,3,1,0,2,1,1,0,1,4,3,1,3,4,3,0,20,34,98,02401321757,Keymar,MDPV2017_18,59165.0487066843,80303975.6426658
21757,0,0,0,3,1,3,3,1,0,2,1,1,0,1,4,3,1,3,4,3,0,20,34,168,02402121757,Keymar,MDPV2017_18,45314.3939497863,72774054.9897211
21822,0,0,2,2,0,1,3,0,2,0,2,0,1,3,2,3,1,6,3,2,1,23,34,248,02403921822,Eden,MDPV2017_18,41339.3680001366,46771690.293369
21822,0,0,2,2,0,1,3,0,2,0,2,0,1,3,2,3,1,6,3,2,1,23,34,289,02404521822,Eden,MDPV2017_18,67242.6661534422,86352190.5106934
20751,1,1,0,1,2,0,3,0,3,2,1,1,2,2,1,1,2,3,3,1,2,21,32,533,02400320751,Deale,MDPV_2017_18,51350.165360018,18204532.8574501
21625,0,1,1,1,1,2,2,2,1,1,1,4,2,3,1,2,1,2,2,1,1,22,32,257,02404121625,Cordova,MDPV2017_18,84142.1688604538,156719015.426369
21668,1,1,3,1,3,1,2,0,2,1,1,2,0,1,0,2,1,4,3,0,3,16,32,244,02403521668,Sudlersville,MDPV2017_18,127161.002073636,190336200.796748
21733,0,1,0,1,0,1,4,1,2,4,0,3,3,2,1,2,0,1,3,1,2,23,32,273,02404321733,Fairplay,MDPV2017_18,27218.5900635242,30207751.4602088
21838,0,0,1,2,1,1,1,2,3,2,2,1,2,1,2,1,0,4,1,3,2,21,32,250,02403921838,Marion Station,MDPV2017_18,161704.945501956,223583489.861334
21918,0,0,1,2,0,0,1,2,3,4,0,1,1,1,1,4,2,2,4,1,2,22,32,112,02401521918,Conowingo,MDPV2017_18,56469.4732758305,77853888.5938342
21673,0,1,2,2,1,1,1,1,0,2,0,0,3,1,2,1,3,1,2,5,2,15,31,266,02404121673,Trappe,MDPV2017_18,205587.450067656,221459918.26084
21871,0,0,3,1,0,0,1,1,2,2,4,0,0,3,3,2,2,1,4,2,0,21,31,253,02403921871,Westover,MDPV2017_18,333809.942485845,283886346.566589
21561,1,1,1,3,1,3,1,1,1,1,1,0,1,1,3,0,1,0,4,4,1,11,30,197,02402321561,Swanton,MDPV2017_18,134202.60603608,404353767.01149
21111,1,1,2,2,2,2,0,0,1,1,1,1,0,1,2,0,2,1,6,1,2,10,29,27,02400521111,Monkton,MDPV2017_18,70303.6665306042,121793508.367388
21111,1,1,2,2,2,2,0,0,1,1,1,1,0,1,2,0,2,1,6,1,2,10,29,217,02402521111,Monkton,MDPV2017_18,34455.4997560768,35124698.2568086
21160,0,0,1,3,1,0,0,1,1,0,2,3,6,0,4,0,0,1,1,4,1,18,29,220,02402521160,Whiteford,MDPV2017_18,56901.6086471888,69202462.591084
21536,3,1,5,0,0,0,2,0,3,2,0,2,0,0,1,0,1,4,2,1,1,15,28,192,02402321536,Grantsville,MDPV2017_18,142482.543850579,396817544.826594
21542,0,1,1,0,2,1,1,0,0,0,0,1,1,3,3,3,2,4,1,1,3,18,28,NA,NA,NA,NA,NA,NA
21773,0,1,0,0,1,3,1,1,1,0,1,1,0,2,3,2,3,6,0,2,0,21,28,173,02402121773,Myersville,MDPV2017_18,65673.165965729,150143578.136967
21636,1,0,0,0,0,2,1,0,1,1,2,1,0,2,2,3,5,2,1,2,1,20,27,83,02401121636,Goldsboro,MDPV2017_18,76633.2587269627,99839857.6450415
21874,1,0,0,1,1,2,0,0,3,1,1,1,2,3,2,2,2,4,1,0,0,21,27,298,02404521874,Willards,MDPV2017_18,57598.9053024242,115521078.115734
21028,0,2,0,1,2,0,2,1,0,0,0,2,1,1,1,2,2,3,4,0,2,15,26,207,02402521028,Churchville,MDPV2017_18,37350.4155856834,57136681.5722318
21155,0,0,0,1,2,1,0,1,1,1,4,1,2,1,1,1,2,6,0,0,1,21,26,36,02400521155,Upperco,MDPV2017_18,56115.4440424628,94816916.1608039
21155,0,0,0,1,2,1,0,1,1,1,4,1,2,1,1,1,2,6,0,0,1,21,26,95,02401321155,Upperco,MDPV2017_18,20348.1929638083,9941560.68927056
21913,0,0,0,1,2,1,0,2,2,1,0,1,2,3,2,2,1,1,2,1,2,17,26,NA,NA,NA,NA,NA,NA
20621,0,1,0,2,0,1,1,1,0,2,1,0,4,1,1,3,1,1,1,0,4,16,25,384,02403720621,Chaptico,MDPV_2017_18,64403.6858782383,60876200.8078181
21132,2,1,1,2,1,0,2,0,0,2,0,0,1,0,0,1,1,2,4,2,3,9,25,218,02402521132,Pylesville,MDPV2017_18,58403.4560258607,92656343.4356285
21555,0,3,1,0,0,3,2,1,0,1,2,1,1,1,0,4,1,3,0,1,0,17,25,8,02400121555,Oldtown,MDPV2017_18,113604.856180121,423842264.580821
21663,0,1,1,3,1,1,2,2,4,3,3,0,2,0,0,0,1,0,0,0,1,17,25,263,02404121663,Saint Michaels,MDPV2017_18,143186.11373927,56944534.0013026
21914,0,1,0,0,3,2,0,0,1,1,1,0,0,2,0,0,1,3,5,2,3,9,25,NA,NA,NA,NA,NA,NA
20645,0,0,1,0,1,1,0,0,1,0,3,1,4,1,3,2,3,1,0,0,2,19,24,129,02401720645,Issue,MDPV2017_18,14776.3421291717,5864235.48915463
21678,0,0,1,0,1,0,0,0,0,1,0,3,1,2,2,1,2,2,3,2,3,14,24,230,02402921678,Worton,MDPV2017_18,127664.745394572,164758642.215189
20658,2,0,0,2,1,0,1,0,0,0,0,2,0,2,0,1,1,2,1,6,2,9,23,131,02401720658,Marbury,MDPV2017_18,27726.2354892907,16192638.5748797
20677,0,0,0,0,1,1,1,0,0,0,1,3,1,2,1,2,2,0,4,3,1,13,23,136,02401720677,Port Tobacco,MDPV2017_18,69515.8368874937,61949775.4734001
21520,0,2,1,0,0,1,2,1,1,0,0,1,2,2,1,1,2,0,3,2,1,13,23,186,02402321520,Accident,MDPV2017_18,140293.271166141,293706767.807753
20711,1,1,1,3,0,1,1,1,0,1,1,0,1,0,1,1,1,0,1,4,2,8,22,538,02400320711,Lothian,MDPV_2017_18,68309.5278322538,145890251.578131
20759,0,0,2,0,1,1,4,1,1,0,0,1,0,0,0,2,1,2,0,3,3,12,22,367,02402720759,Fulton,MDPV_2017_18,45293.3152291382,27540022.8747854
20763,0,0,0,1,0,2,0,0,1,2,1,2,3,2,1,0,3,0,2,2,0,15,22,363,02402720763,Savage,MDPV_2017_18,12412.0978990116,4197819.00583649
20776,2,0,1,0,0,0,1,0,2,2,0,0,1,3,0,0,1,1,3,3,2,11,22,520,02400320776,Harwood,MDPV_2017_18,88985.23235443,89733470.2551351
20776,2,0,1,0,0,0,1,0,2,2,0,0,1,3,0,0,1,1,3,3,2,11,22,539,02400320776,Harwood,MDPV_2017_18,25456.5892395995,8973925.30687684
21140,0,0,1,2,1,0,0,0,0,1,0,2,1,0,1,1,4,0,4,2,2,10,22,515,02400321140,Riva,MDPV_2017_18,15220.4043523862,5878162.81222224
21521,0,0,0,0,1,1,0,2,1,1,1,0,1,3,0,3,2,4,2,0,0,18,22,2,02400121521,Barton,MDPV2017_18,29199.1742053562,38842463.4273563
21521,0,0,0,0,1,1,0,2,1,1,1,0,1,3,0,3,2,4,2,0,0,18,22,187,02402321521,Barton,MDPV2017_18,68306.8471107699,104925338.07796
21794,0,0,0,3,0,1,1,1,0,1,1,0,2,0,2,2,2,1,2,0,3,13,22,366,02402721794,West Friendship,MDPV_2017_18,31089.9591268407,37354652.521026
20816,0,1,0,2,1,2,1,1,2,0,0,1,1,1,0,0,1,3,1,0,3,11,21,429,02403120816,Bethesda,MDPV_2017_18,22697.6534155099,18424774.8703203
21057,2,0,0,1,0,1,1,1,1,0,3,0,2,0,2,1,0,0,2,3,1,11,21,18,02400521057,Glen Arm,MDPV2017_18,50737.6091234337,68154983.9384178
20608,0,0,2,0,0,1,2,1,1,0,0,1,3,0,0,1,2,2,3,1,0,13,20,487,02403320608,Aquasco,MDPV_2017_18,50958.963665563,83004477.0449827
20620,0,0,1,0,0,0,1,0,2,3,0,0,1,2,1,1,1,1,3,0,3,13,20,390,02403720620,Callaway,MDPV_2017_18,23693.3779713616,16856260.7135603
20625,1,2,1,1,3,0,2,0,0,0,0,1,0,1,1,1,2,1,0,3,0,9,20,125,02401720625,Cobb Island,MDPV2017_18,8425.39554723322,1982810.6664391
20777,0,2,2,2,1,0,1,0,0,1,0,1,1,0,1,2,1,2,2,0,1,10,20,351,02402720777,Highland,MDPV_2017_18,31298.8123419765,32393839.7775245
20777,0,2,2,2,1,0,1,0,0,1,0,1,1,0,1,2,1,2,2,0,1,10,20,413,02403120777,Highland,MDPV_2017_18,4654.21106391208,787194.171901652
21645,0,0,0,0,0,0,1,0,0,0,3,1,1,2,4,3,2,1,2,0,0,18,20,225,02402921645,Kennedyville,MDPV2017_18,128671.171961829,193400787.33912
21912,2,0,0,0,1,1,1,1,1,2,1,0,2,0,1,0,2,0,1,2,1,11,19,109,02401521912,Warwick,MDPV2017_18,85120.5966907797,123677042.060687
21531,0,1,2,4,0,1,0,1,0,1,0,2,1,1,0,2,0,0,0,0,2,8,18,190,02402321531,Friendsville,MDPV2017_18,100443.688651126,289923410.062511
21635,0,1,0,3,1,2,0,0,0,1,2,2,1,0,0,1,1,0,1,2,0,8,18,224,02402921635,Galena,MDPV2017_18,113135.640409103,122033944.491311
21861,0,0,1,1,0,1,1,0,1,1,1,0,0,1,1,3,0,2,3,0,1,11,18,NA,NA,NA,NA,NA,NA
20611,0,1,0,2,1,0,0,0,1,1,0,1,2,2,1,1,2,0,1,1,0,11,17,119,02401720611,Bel Alton,MDPV2017_18,30812.4396949541,31246387.0068139
21104,0,1,1,1,0,0,0,3,0,0,0,0,0,3,0,0,1,2,0,5,0,9,17,26,02400521104,Marriottsville,MDPV2017_18,17582.8749916764,11972115.1130307
21104,0,1,1,1,0,0,0,3,0,0,0,0,0,3,0,0,1,2,0,5,0,9,17,93,02401321104,Marriottsville,MDPV2017_18,32899.5175945385,29205917.5599606
21104,0,1,1,1,0,0,0,3,0,0,0,0,0,3,0,0,1,2,0,5,0,9,17,357,02402721104,Marriottsville,MDPV_2017_18,39043.731987979,44308314.0687021
21210,0,1,0,0,2,1,2,3,0,1,1,0,0,0,1,0,0,0,2,3,0,8,17,46,02400521210,Baltimore,MDPV2017_18,5860.69152364923,1749911.70184218
21210,0,1,0,0,2,1,2,3,0,1,1,0,0,0,1,0,0,0,2,3,0,8,17,319,02451021210,Roland Park,MDPV2017_18,19491.9220469542,12092020.3783624
21659,0,1,2,0,0,1,0,0,1,2,1,1,2,0,0,1,1,0,3,0,1,9,17,148,02401921659,Rhodesdale,MDPV2017_18,136579.980814669,224631490.354846
21813,0,1,1,0,0,1,1,0,0,1,0,0,2,3,2,1,0,1,0,0,3,11,17,303,02404721813,Bishopville,MDPV2017_18,184879.558965624,114680203.968325
21869,0,2,3,1,0,1,0,0,1,2,0,0,1,0,0,0,0,2,0,0,4,6,17,154,02401921869,Vienna,MDPV2017_18,327118.900828236,406121117.098497
20778,0,0,0,1,1,0,1,1,0,0,3,0,1,0,2,1,0,1,1,1,2,10,16,521,02400320778,West River,MDPV_2017_18,47006.5633815132,35102833.2292117
20842,0,0,1,1,2,0,1,0,0,2,1,2,0,2,0,1,1,1,1,0,0,11,16,155,02402120842,Dickerson,MDPV2017_18,47174.4917198344,60453131.405848
20842,0,0,1,1,2,0,1,0,0,2,1,2,0,2,0,1,1,1,1,0,0,11,16,434,02403120842,Dickerson,MDPV_2017_18,118873.777108721,192733589.055978
21530,0,0,2,1,2,0,0,1,1,0,0,1,2,1,1,0,1,0,2,0,1,8,16,3,02400121530,Flintstone,MDPV2017_18,93603.135943123,267606760.809005
20693,0,1,1,1,0,2,0,0,3,2,0,0,0,1,1,1,0,0,1,1,0,8,15,137,02401720693,Welcome,MDPV2017_18,88775.8629950265,81772599.7371147
21649,0,0,1,1,0,1,0,0,0,1,0,0,2,1,1,0,0,0,2,2,3,5,15,86,02401121649,Marydel,MDPV2017_18,38698.2710692223,44849431.1397697
21649,0,0,1,1,0,1,0,0,0,1,0,0,2,1,1,0,0,0,2,2,3,5,15,239,02403521649,Marydel,MDPV2017_18,43433.5154252445,50493604.0613047
21777,0,1,2,1,1,1,1,0,0,0,0,0,2,1,2,1,0,0,1,0,1,7,15,176,02402121777,Point of Rocks,MDPV2017_18,18707.4504243392,11751927.4094517
21821,0,1,1,1,0,3,0,0,0,0,1,0,1,0,1,0,2,0,3,1,0,5,15,247,02403921821,Deal Island,MDPV2017_18,222227.401525441,99792806.1624489
20688,0,0,2,2,0,0,1,0,0,1,0,1,0,0,0,0,1,1,1,4,0,5,14,74,02400920688,Solomons,MDPV2017_18,26330.4154286488,5334894.52041072
21657,1,0,1,0,4,0,1,1,0,1,0,0,1,1,0,0,0,0,1,2,0,5,14,88,02401121657,Queen Anne,MDPV2017_18,19514.8074257582,7564078.50541771
21657,1,0,1,0,4,0,1,1,0,1,0,0,1,1,0,0,0,0,1,2,0,5,14,241,02403521657,Queen Anne,MDPV2017_18,67579.4476215202,92603539.4829201
21657,1,0,1,0,4,0,1,1,0,1,0,0,1,1,0,0,0,0,1,2,0,5,14,261,02404121657,Queen Anne,MDPV2017_18,48078.5151891739,29605400.2347784
21719,0,2,3,1,0,0,1,1,0,1,2,0,1,1,0,0,1,0,0,0,0,8,14,164,02402121719,Cascade,MDPV2017_18,8601.36705339491,1664478.0905146
21719,0,2,3,1,0,0,1,1,0,1,2,0,1,1,0,0,1,0,0,0,0,8,14,271,02404321719,Cascade,MDPV2017_18,20955.8144548175,18543682.0201676
21767,0,0,0,1,0,1,0,1,0,0,0,1,0,1,0,1,1,1,2,3,1,6,14,279,02404321767,Maugansville,MDPV2017_18,7100.9135343737,1606279.94646742
21865,0,0,1,0,1,0,0,3,3,0,1,0,1,1,1,2,0,0,0,0,0,12,14,297,02404521865,Tyaskin,MDPV2017_18,104770.451204181,63727263.1046606
21664,0,0,0,0,0,0,2,1,2,0,0,1,0,0,1,2,0,1,1,0,2,10,13,NA,NA,NA,NA,NA,NA
21671,0,0,0,0,2,2,0,0,0,3,1,0,0,0,3,0,0,1,1,0,0,8,13,265,02404121671,Tilghman,MDPV2017_18,30159.5230740958,8964567.25513778
21672,0,0,1,0,0,2,0,0,1,0,1,1,1,0,0,0,2,1,3,0,0,7,13,150,02401921672,Toddville,MDPV2017_18,154508.223412238,75078573.5752141
21779,0,0,0,0,1,0,0,2,0,0,0,0,1,1,2,1,0,1,2,1,1,8,13,281,02404321779,Rohrersville,MDPV2017_18,37499.0328502449,38274033.9613314
21798,0,0,0,0,0,0,1,0,2,1,1,2,1,0,0,0,0,1,3,1,0,9,13,185,02402121798,Woodsboro,MDPV2017_18,62407.7305836845,74934423.8687245
21872,1,0,0,1,0,0,1,1,1,1,0,2,0,1,0,1,0,0,2,0,1,8,13,311,02404721872,Whaleyville,MDPV2017_18,48960.2726783247,74818135.1330022
20617,0,1,0,2,1,1,0,0,0,2,0,2,0,0,1,1,0,0,0,1,0,6,12,123,02401720617,Bryantown,MDPV2017_18,26562.6609137076,28930493.862681
20818,0,0,0,0,1,0,2,0,0,1,0,0,1,2,2,0,0,1,1,0,1,9,12,428,02403120818,Cabin John,MDPV_2017_18,12950.5554963,5725808.70068929
21013,0,0,0,1,0,0,0,0,1,0,2,1,0,0,0,2,0,1,1,1,2,7,12,12,02400521013,Baldwin,MDPV2017_18,48079.9193930323,43949661.9203143
21013,0,0,0,1,0,0,0,0,1,0,2,1,0,0,0,2,0,1,1,1,2,7,12,203,02402521013,Baldwin,MDPV2017_18,24180.4364103069,18467987.8244094
21052,0,0,0,0,0,0,0,0,0,0,0,1,0,0,0,1,0,1,0,6,3,3,12,NA,NA,NA,NA,NA,NA
21607,0,0,0,0,0,0,0,0,1,0,2,1,1,1,3,0,0,0,1,0,2,9,12,231,02403521607,Barclay,MDPV2017_18,62447.1018859689,56266296.1074265
21648,0,0,0,0,0,0,0,0,0,0,2,1,1,1,3,1,1,1,1,0,0,11,12,147,02401921648,Madison,MDPV2017_18,52486.2691832899,57691704.1019409
21856,0,0,0,1,1,0,0,1,1,3,0,0,0,1,0,0,0,1,2,1,0,7,12,296,02404521856,Quantico,MDPV2017_18,101798.188046838,147543223.346522
21864,0,0,1,0,1,0,0,0,1,0,1,0,2,1,0,1,1,0,1,0,2,7,12,310,02404721864,Stockton,MDPV2017_18,64363.0248562021,84077328.7757276
21920,0,0,1,0,1,0,0,0,0,0,0,1,0,0,1,0,1,1,2,2,2,4,12,NA,NA,NA,NA,NA,NA
20615,0,0,3,0,0,0,0,0,1,1,1,0,0,0,0,0,1,0,3,0,1,4,11,67,02400920615,Broomes Island,MDPV2017_18,13039.3843047368,2983525.82230878
20628,0,1,1,0,1,1,2,1,0,1,1,1,0,0,1,0,0,0,0,0,0,7,11,393,02403720628,Dameron,MDPV_2017_18,54139.2630494316,29007827.9408761
20674,0,0,0,0,0,0,1,1,1,1,2,0,1,0,0,1,0,1,1,0,1,9,11,376,02403720674,Piney Point,MDPV_2017_18,15825.4146882394,2207940.76187517
20674,0,0,0,0,0,0,1,1,1,1,2,0,1,0,0,1,0,1,1,0,1,9,11,377,02403720674,Piney Point,MDPV_2017_18,18967.4925079,3530259.38918133
20860,0,0,0,0,0,1,1,0,0,2,0,2,0,0,0,0,0,2,0,1,2,7,11,411,02403120860,Sandy Spring,MDPV_2017_18,22573.8637332394,17099685.7554295
21766,0,0,1,0,0,0,0,0,4,1,0,0,1,1,0,0,0,0,0,3,0,7,11,11,02400121766,Little Orleans,MDPV2017_18,102797.509633386,191406830.043812
21814,0,1,0,0,0,0,1,0,1,0,1,0,0,1,1,1,1,1,1,1,0,8,11,288,02404521814,Bivalve,MDPV2017_18,25767.2154370722,12706174.6163885
21841,0,1,1,1,0,0,0,1,1,0,1,0,0,2,0,0,0,0,3,0,0,5,11,305,02404721841,Newark,MDPV2017_18,101630.059256218,147942944.547863
21920,0,0,1,0,0,0,0,0,0,0,0,1,0,0,1,0,1,1,2,2,2,4,11,NA,NA,NA,NA,NA,NA
21626,0,0,0,0,0,0,0,0,0,0,0,0,0,2,1,0,2,1,0,1,3,6,10,141,02401921626,Crapo,MDPV2017_18,79305.4470014916,75770164.2675726
21634,0,0,0,0,0,1,0,1,0,0,0,1,0,1,1,0,1,1,1,1,1,6,10,145,02401921634,Fishing Creek,MDPV2017_18,98888.1059081929,20857648.0612049
21778,0,1,0,0,0,0,0,0,1,1,1,0,0,0,1,0,2,1,1,0,1,7,10,177,02402121778,Rocky Ridge,MDPV2017_18,42413.311985343,78507363.9359592
21541,0,0,0,0,0,1,0,1,0,0,1,1,2,0,0,1,0,0,1,1,0,6,9,195,02402321541,McHenry,MDPV2017_18,76659.1008939253,87136022.579022
21622,2,1,0,0,1,0,0,0,0,1,0,0,1,1,0,0,0,1,1,0,0,4,9,140,02401921622,Church Creek,MDPV2017_18,270728.111074159,290583530.494561
21780,0,0,0,0,2,0,0,1,0,1,0,0,1,1,0,1,1,0,1,0,0,6,9,178,02402121780,Sabillasville,MDPV2017_18,56415.7819281748,96400332.4263883
21780,0,0,0,0,2,0,0,1,0,1,0,0,1,1,0,1,1,0,1,0,0,6,9,282,02404321780,Sabillasville,MDPV2017_18,9850.2426515068,2797767.26966941
20684,0,0,0,0,0,0,0,0,0,1,1,1,1,0,0,1,0,0,2,0,1,5,8,375,02403720684,Saint Inigoes,MDPV_2017_18,63840.114154928,34368135.5176042
20687,0,0,0,2,0,0,0,1,0,1,0,1,0,0,0,0,2,1,0,0,0,6,8,396,02403720687,Scotland,MDPV_2017_18,48974.0496785556,27954761.8818505
20779,0,0,0,0,0,0,1,1,0,1,1,1,1,0,0,0,0,0,2,0,0,6,8,537,02400320779,Tracys Landing,MDPV_2017_18,32158.2923823832,29725968.7318368
21036,0,0,0,0,0,0,0,0,0,2,1,0,0,0,2,0,0,2,1,0,0,7,8,356,02402721036,Dayton,MDPV_2017_18,28576.758684098,29459947.7129227
21071,0,0,1,0,0,0,0,1,0,1,0,0,0,1,1,1,1,0,0,0,1,6,8,19,02400521071,Glyndon,MDPV2017_18,5317.80779674469,966187.723916703
21538,1,0,0,1,0,1,0,1,0,1,0,0,1,0,0,0,0,1,0,1,0,4,8,193,02402321538,Kitzmiller,MDPV2017_18,42772.1654190859,85787918.7182152
21543,0,0,0,0,1,0,0,0,1,1,0,1,0,2,0,0,0,0,1,0,1,5,8,NA,NA,NA,NA,NA,NA
21641,0,0,0,0,0,0,1,0,0,1,1,0,0,0,0,0,0,1,1,1,2,4,8,NA,NA,NA,NA,NA,NA
21829,0,0,0,1,0,0,0,1,0,1,0,0,1,1,0,1,0,1,1,0,0,6,8,304,02404721829,Girdletree,MDPV2017_18,72252.9334741689,69448596.6779501
21840,0,0,0,1,0,0,0,0,1,1,0,2,0,0,0,0,1,0,1,1,0,5,8,293,02404521840,Nanticoke,MDPV2017_18,46654.8278149229,24649458.6859241
20690,0,0,0,0,1,0,0,0,0,0,0,1,1,2,1,0,0,0,0,1,0,5,7,374,02403720690,Tall Timbers,MDPV_2017_18,33138.6171673222,9903936.59057195
21524,0,0,0,0,0,0,0,0,0,0,2,1,0,0,1,0,1,0,1,1,0,5,7,NA,NA,NA,NA,NA,NA
21628,0,0,0,0,0,0,0,0,0,0,0,1,0,0,0,0,1,3,1,1,0,5,7,NA,NA,NA,NA,NA,NA
21675,0,0,0,1,0,0,1,0,0,0,1,0,0,0,1,0,0,1,1,1,0,4,7,151,02401921675,Wingate,MDPV2017_18,38316.2259758768,15463491.1175215
21711,0,0,1,0,1,0,0,0,0,0,2,1,1,0,0,0,0,0,1,0,0,4,7,269,02404321711,Big Pool,MDPV2017_18,56451.0939273297,114861289.00159
21738,0,0,0,1,1,1,0,0,0,1,1,0,1,0,1,0,0,0,0,0,0,4,7,348,02402721738,Glenwood,MDPV_2017_18,29058.4547212171,29630914.1063975
20656,0,0,0,0,0,0,0,0,0,2,0,0,0,0,1,1,1,1,0,0,0,6,6,383,02403720656,Loveville,MDPV_2017_18,10211.6288342792,3719087.01368638
21082,0,0,0,1,0,0,0,0,0,0,0,0,0,0,0,0,1,1,0,1,2,2,6,21,02400521082,Hydes,MDPV2017_18,53073.0753989735,28731375.6097547
21082,0,0,0,1,0,0,0,0,0,0,0,0,0,0,0,0,1,1,0,1,2,2,6,213,02402521082,Hydes,MDPV2017_18,4325.26675590383,732960.728942684
21405,0,0,0,0,0,0,0,0,0,0,1,0,0,0,0,0,0,0,2,0,3,1,6,510,02400321405,Sherwood Forest,MDPV_2017_18,6105.43551385157,1826872.11505199
21529,0,0,2,1,0,0,0,1,1,0,1,0,0,0,0,0,0,0,0,0,0,3,6,NA,NA,NA,NA,NA,NA
21652,0,0,0,2,0,0,0,0,4,0,0,0,0,0,0,0,0,0,0,0,0,4,6,259,02404121652,Neavitt,MDPV2017_18,11465.5002738842,2125866.76940845
21714,0,0,0,0,0,0,0,0,1,0,0,1,4,0,0,0,0,0,0,0,0,6,6,NA,NA,NA,NA,NA,NA
21762,0,0,1,0,0,0,0,0,1,0,0,1,0,0,0,0,0,3,0,0,0,5,6,NA,NA,NA,NA,NA,NA
21802,0,0,0,1,0,0,0,2,0,1,1,1,0,0,0,0,0,0,0,0,0,5,6,NA,NA,NA,NA,NA,NA
20609,0,1,0,0,0,0,1,1,1,0,0,0,0,0,1,0,0,0,0,0,0,4,5,372,02403720609,Avenue,MDPV_2017_18,4301.91834022519,419948.642848388
20609,0,1,0,0,0,0,1,1,1,0,0,0,0,0,1,0,0,0,0,0,0,4,5,387,02403720609,Avenue,MDPV_2017_18,71202.726855432,42170540.3900168
20680,0,0,0,0,0,0,0,0,0,0,0,0,0,1,0,1,1,1,0,1,0,4,5,394,02403720680,Ridge,MDPV_2017_18,11888.8367214954,3515030.1709689
20680,0,0,0,0,0,0,0,0,0,0,0,0,0,1,0,1,1,1,0,1,0,4,5,395,02403720680,Ridge,MDPV_2017_18,61114.9925409667,23852097.2546056
20692,0,0,0,0,1,0,0,0,0,0,1,0,0,0,0,1,0,1,1,0,0,3,5,391,02403720692,Valley Lee,MDPV_2017_18,54311.0089680273,33261545.8781047
20868,0,2,0,0,0,0,0,0,1,0,0,0,1,1,0,0,0,0,0,0,0,3,5,418,02403120868,Spencerville,MDPV_2017_18,23539.4588123989,7431289.4534087
21610,0,0,0,0,0,0,1,0,0,0,0,0,1,0,0,1,0,1,0,0,1,4,5,222,02402921610,Betterton,MDPV2017_18,22006.7743460025,10521137.7310536
21662,0,0,1,0,0,0,0,0,0,0,0,0,0,0,1,0,1,2,0,0,0,4,5,262,02404121662,Royal Oak,MDPV2017_18,93487.4273849081,35584363.6606471
21677,0,1,0,1,0,0,0,0,0,0,0,0,0,1,0,1,0,1,0,0,0,3,5,152,02401921677,Woolford,MDPV2017_18,62349.8015626905,54906027.0082119
21734,0,0,0,0,0,0,1,0,0,0,0,1,0,1,0,0,0,1,0,1,0,4,5,NA,NA,NA,NA,NA,NA
NA,0,0,0,0,0,0,0,0,0,1,0,1,0,0,1,0,0,0,0,0,2,3,5,NA,NA,NA,NA,NA,NA
20612,0,0,1,0,0,0,0,0,0,0,0,0,1,0,0,0,0,1,0,0,1,2,4,120,02401720612,Benedict,MDPV2017_18,5603.13087870045,899184.239180162
20632,0,0,0,0,0,0,0,1,0,1,0,0,0,0,0,1,0,0,0,0,1,3,4,126,02401720632,Faulkner,MDPV2017_18,33813.8693784572,28029643.0469009
20667,0,0,0,0,0,0,0,0,0,1,0,0,0,0,1,1,0,0,1,0,0,3,4,378,02403720667,Park Hall,MDPV_2017_18,20029.9520466976,9408912.59064841
20758,0,0,0,0,0,0,0,0,0,1,0,0,0,1,0,0,0,1,0,1,0,3,4,80,02400920758,Friendship,MDPV2017_18,5320.03749646101,887537.077155067
20758,0,0,0,0,0,0,0,0,0,1,0,0,0,1,0,0,0,1,0,1,0,3,4,535,02400320758,Friendship,MDPV_2017_18,37705.5017235284,20404987.5310616
20880,0,0,0,1,0,0,0,1,1,0,0,0,0,0,0,0,0,0,1,0,0,2,4,451,02403120880,Washington Grove,MDPV_2017_18,7318.3407041782,1561455.69197415
21612,0,0,0,0,0,0,0,0,0,0,0,0,1,1,0,0,0,0,1,0,1,2,4,256,02404121612,Bozman,MDPV2017_18,78041.0585995963,24031331.9499389
21654,0,0,0,0,0,0,0,0,0,0,0,1,0,0,0,0,0,1,1,0,1,2,4,260,02404121654,Oxford,MDPV2017_18,97793.6624674139,48260979.353574
21676,0,0,0,0,1,0,0,0,0,0,0,1,0,1,0,1,0,0,0,0,0,3,4,267,02404121676,Wittman,MDPV2017_18,57240.5410689676,19813136.0376712
21723,0,0,0,0,0,0,0,2,0,1,0,0,0,0,0,0,0,0,0,0,1,3,4,365,02402721723,Cooksville,MDPV_2017_18,27532.5384002638,16031353.273095
20606,0,0,0,0,0,0,0,0,0,1,0,0,0,0,0,0,0,0,0,1,1,1,3,370,02403720606,Abell,MDPV_2017_18,20907.979114185,5195206.43312593
20630,1,0,0,0,0,0,0,0,0,0,0,0,0,0,1,0,0,0,1,0,0,1,3,373,02403720630,Drayden,MDPV_2017_18,61656.6436586989,29014825.3663893
21051,0,0,0,0,0,0,0,0,0,1,1,0,0,0,0,0,0,0,0,0,1,2,3,16,02400521051,Fork,MDPV2017_18,8989.55511398731,1974385.14299821
21130,0,0,0,0,0,0,1,0,0,0,0,0,1,1,0,0,0,0,0,0,0,3,3,NA,NA,NA,NA,NA,NA
21718,0,0,0,0,0,0,0,1,0,0,0,0,0,1,0,0,0,0,0,0,1,2,3,163,02402121718,Burkittsville,MDPV2017_18,8757.11013445988,2240431.79408076
21835,0,0,0,0,0,1,1,0,0,1,0,0,0,0,0,0,0,0,0,0,0,2,3,153,02401921835,Linkwood,MDPV2017_18,40861.8178074494,28880420.0552299
20626,0,0,0,0,2,0,0,0,0,0,0,0,0,0,0,0,0,0,0,0,0,0,2,371,02403720626,Coltons Point,MDPV_2017_18,19939.8728556858,6287531.01908053
20629,0,0,0,0,0,0,0,0,0,0,0,0,1,0,0,0,0,0,0,0,1,1,2,68,02400920629,Dowell,MDPV2017_18,16220.9657803368,2820534.97285647
20635,0,0,0,0,0,0,0,0,1,0,0,0,0,0,0,0,0,0,0,1,0,1,2,NA,NA,NA,NA,NA,NA
20734,0,0,0,0,0,0,0,0,0,0,0,0,0,1,0,0,0,1,0,0,0,2,2,NA,NA,NA,NA,NA,NA
20967,0,0,0,0,0,0,0,0,0,0,0,0,0,1,0,0,0,0,0,0,1,1,2,NA,NA,NA,NA,NA,NA
21077,0,0,0,0,0,0,2,0,0,0,0,0,0,0,0,0,0,0,0,0,0,2,2,529,02400321077,Harmans,MDPV_2017_18,12398.3938023812,3561119.45491906
21642,0,0,0,1,0,1,0,0,0,0,0,0,0,0,0,0,0,0,0,0,0,0,2,NA,NA,NA,NA,NA,NA
21644,0,0,0,0,0,0,0,0,0,0,1,0,0,1,0,0,0,0,0,0,0,2,2,238,02403521644,Ingleside,MDPV2017_18,30558.622055966,21705212.2986779
21653,0,0,0,1,0,0,0,0,0,0,0,0,0,0,0,0,0,0,0,0,1,0,2,NA,NA,NA,NA,NA,NA
21700,0,0,0,0,1,1,0,0,0,0,0,0,0,0,0,0,0,0,0,0,0,0,2,NA,NA,NA,NA,NA,NA
21715,0,0,0,1,0,0,0,0,0,0,1,0,0,0,0,0,0,0,0,0,0,1,2,NA,NA,NA,NA,NA,NA
21717,1,0,0,1,0,0,0,0,0,0,0,0,0,0,0,0,0,0,0,0,0,0,2,NA,NA,NA,NA,NA,NA
21867,0,0,1,0,0,0,0,0,0,0,0,0,0,0,0,0,0,0,0,0,1,0,2,NA,NA,NA,NA,NA,NA
19973,0,0,0,0,0,0,0,0,1,0,0,0,0,0,0,0,0,0,0,0,0,1,1,NA,NA,NA,NA,NA,NA
20236,0,0,0,0,0,0,0,0,1,0,0,0,0,0,0,0,0,0,0,0,0,1,1,NA,NA,NA,NA,NA,NA
20473,0,0,0,0,0,0,0,0,1,0,0,0,0,0,0,0,0,0,0,0,0,1,1,NA,NA,NA,NA,NA,NA
20624,0,0,0,0,0,0,1,0,0,0,0,0,0,0,0,0,0,0,0,0,0,1,1,385,02403720624,Clements,MDPV_2017_18,55172.2539309674,43316500.2082572
20686,0,0,1,0,0,0,0,0,0,0,0,0,0,0,0,0,0,0,0,0,0,0,1,NA,NA,NA,NA,NA,NA
20703,0,0,0,0,0,0,0,0,0,0,0,0,0,0,0,0,0,0,0,0,1,0,1,NA,NA,NA,NA,NA,NA
20765,0,0,0,0,0,0,0,0,0,0,0,0,0,0,0,1,0,0,0,0,0,1,1,522,02400320765,Galesville,MDPV_2017_18,8834.45396172613,1828590.51525492
20812,0,0,0,0,0,0,0,0,0,0,0,1,0,0,0,0,0,0,0,0,0,1,1,430,02403120812,Glen Echo,MDPV_2017_18,4802.33295882131,1325214.3478559
20839,0,0,0,0,0,0,0,0,0,0,0,0,0,0,1,0,0,0,0,0,0,1,1,435,02403120839,Beallsville,MDPV_2017_18,19413.2710224411,13343891.7216119
20896,0,0,0,0,0,0,0,0,0,0,0,0,0,0,0,1,0,0,0,0,0,1,1,452,02403120896,Garrett Park,MDPV_2017_18,5711.54252209052,1092115.47570838
21000,0,1,0,0,0,0,0,0,0,0,0,0,0,0,0,0,0,0,0,0,0,0,1,NA,NA,NA,NA,NA,NA
21056,0,0,0,0,0,0,0,0,0,0,0,0,0,0,0,0,0,0,1,0,0,0,1,506,02400321056,Gibson Island,MDPV_2017_18,18091.2287283361,6349132.22668849
21105,0,0,0,0,0,0,0,0,0,0,0,0,0,1,0,0,0,0,0,0,0,1,1,NA,NA,NA,NA,NA,NA
21106,0,0,1,0,0,0,0,0,0,0,0,0,0,0,0,0,0,0,0,0,0,0,1,NA,NA,NA,NA,NA,NA
21107,0,0,0,0,0,0,0,0,0,0,0,0,0,0,0,1,0,0,0,0,0,1,1,NA,NA,NA,NA,NA,NA
21112,0,0,0,0,0,0,0,0,1,0,0,0,0,0,0,0,0,0,0,0,0,1,1,NA,NA,NA,NA,NA,NA
21138,0,0,0,0,0,0,0,0,0,0,0,0,0,1,0,0,0,0,0,0,0,1,1,NA,NA,NA,NA,NA,NA
21153,0,0,0,0,0,0,0,0,0,0,0,0,1,0,0,0,0,0,0,0,0,1,1,35,02400521153,Stevenson,MDPV2017_18,25271.8054571109,13140280.2548857
21260,0,0,0,0,0,0,1,0,0,0,0,0,0,0,0,0,0,0,0,0,0,1,1,NA,NA,NA,NA,NA,NA
21523,0,1,0,0,0,0,0,0,0,0,0,0,0,0,0,0,0,0,0,0,0,0,1,189,02402321523,Bloomington,MDPV2017_18,10409.1719682169,5184983.07754079
21546,0,0,0,0,1,0,0,0,0,0,0,0,0,0,0,0,0,0,0,0,0,0,1,NA,NA,NA,NA,NA,NA
21627,0,0,0,1,0,0,0,0,0,0,0,0,0,0,0,0,0,0,0,0,0,0,1,142,02401921627,Crocheron,MDPV2017_18,19183.4916101967,7056656.85050233
21637,0,0,0,0,0,1,0,0,0,0,0,0,0,0,0,0,0,0,0,0,0,0,1,NA,NA,NA,NA,NA,NA
21647,0,0,0,0,0,0,0,0,0,0,0,0,0,0,0,0,1,0,0,0,0,1,1,258,02404121647,McDaniel,MDPV2017_18,34873.1070820993,17008087.2004676
21650,0,0,0,0,0,0,0,0,0,0,0,0,0,0,0,0,0,0,0,0,1,0,1,226,02402921650,Massey,MDPV2017_18,46962.3131776839,57261746.1502529
21656,0,0,0,0,0,0,1,0,0,0,0,0,0,0,0,0,0,0,0,0,0,1,1,NA,NA,NA,NA,NA,NA
21665,1,0,0,0,0,0,0,0,0,0,0,0,0,0,0,0,0,0,0,0,0,0,1,264,02404121665,Sherwood,MDPV2017_18,40721.94326935,14886955.4919669
21667,0,0,0,0,0,0,0,0,0,0,0,0,0,0,0,0,0,0,1,0,0,0,1,229,02402921667,Still Pond,MDPV2017_18,41467.5815436687,21877809.2307206
21679,0,0,0,0,0,0,0,0,0,0,0,0,0,0,0,0,1,0,0,0,0,1,1,245,02403521679,Wye Mills,MDPV2017_18,14503.941935897,2647247.29888597
21679,0,0,0,0,0,0,0,0,0,0,0,0,0,0,0,0,1,0,0,0,0,1,1,268,02404121679,Wye Mills,MDPV2017_18,31259.5888502362,31271057.6484778
21737,0,0,0,0,0,0,0,0,0,0,0,1,0,0,0,0,0,0,0,0,0,1,1,355,02402721737,Glenelg,MDPV_2017_18,31649.7429913264,21297454.1525805
21744,0,0,1,0,0,0,0,0,0,0,0,0,0,0,0,0,0,0,0,0,0,0,1,NA,NA,NA,NA,NA,NA
21760,0,0,0,0,0,0,0,0,0,1,0,0,0,0,0,0,0,0,0,0,0,1,1,NA,NA,NA,NA,NA,NA
21764,0,0,0,0,0,0,0,1,0,0,0,0,0,0,0,0,0,0,0,0,0,1,1,NA,NA,NA,NA,NA,NA
21916,0,0,0,1,0,0,0,0,0,0,0,0,0,0,0,0,0,0,0,0,0,0,1,NA,NA,NA,NA,NA,NA
21930,0,0,0,0,0,0,0,0,0,0,0,0,0,0,0,0,0,1,0,0,0,1,1,NA,NA,NA,NA,NA,NA
23692,0,0,0,0,0,0,0,0,0,0,0,0,0,0,0,1,0,0,0,0,0,1,1,NA,NA,NA,NA,NA,NA
20604,0,0,0,0,0,0,0,0,0,0,0,0,0,0,0,0,0,0,0,0,0,0,0,NA,NA,NA,NA,NA,NA
20644,0,0,0,0,0,0,0,0,0,0,0,0,0,0,0,0,0,0,0,0,0,0,0,NA,NA,NA,NA,NA,NA
20670,0,0,0,0,0,0,0,0,0,0,0,0,0,0,0,0,0,0,0,0,0,0,0,369,02403720670,Patuxent River,MDPV_2017_18,37046.9452263973,43256903.9905318
20701,0,0,0,0,0,0,0,0,0,0,0,0,0,0,0,0,0,0,0,0,0,0,0,353,02402720701,Annapolis Junction,MDPV_2017_18,8252.80664419942,2394967.26771068
20701,0,0,0,0,0,0,0,0,0,0,0,0,0,0,0,0,0,0,0,0,0,0,0,519,02400320701,Annapolis Junction,MDPV_2017_18,12865.9837420582,5372543.6114149
20702,0,0,0,0,0,0,0,0,0,0,0,0,0,0,0,0,0,0,0,0,0,0,0,NA,NA,NA,NA,NA,NA
20704,0,0,0,0,0,0,0,0,0,0,0,0,0,0,0,0,0,0,0,0,0,0,0,NA,NA,NA,NA,NA,NA
20717,0,0,0,0,0,0,0,0,0,0,0,0,0,0,0,0,0,0,0,0,0,0,0,NA,NA,NA,NA,NA,NA
20718,0,0,0,0,0,0,0,0,0,0,0,0,0,0,0,0,0,0,0,0,0,0,0,NA,NA,NA,NA,NA,NA
20719,0,0,0,0,0,0,0,0,0,0,0,0,0,0,0,0,0,0,0,0,0,0,0,NA,NA,NA,NA,NA,NA
20725,0,0,0,0,0,0,0,0,0,0,0,0,0,0,0,0,0,0,0,0,0,0,0,NA,NA,NA,NA,NA,NA
20741,0,0,0,0,0,0,0,0,0,0,0,0,0,0,0,0,0,0,0,0,0,0,0,NA,NA,NA,NA,NA,NA
20742,0,0,0,0,0,0,0,0,0,0,0,0,0,0,0,0,0,0,0,0,0,0,0,474,02403320742,College Park,MDPV_2017_18,11589.3457341202,6184674.38513697
20750,0,0,0,0,0,0,0,0,0,0,0,0,0,0,0,0,0,0,0,0,0,0,0,NA,NA,NA,NA,NA,NA
20755,0,0,0,0,0,0,0,0,0,0,0,0,0,0,0,0,0,0,0,0,0,0,0,518,02400320755,Fort George G Meade,MDPV_2017_18,57470.5942696801,93302120.7833459
20757,0,0,0,0,0,0,0,0,0,0,0,0,0,0,0,0,0,0,0,0,0,0,0,NA,NA,NA,NA,NA,NA
20760,0,0,0,0,0,0,0,0,0,0,0,0,0,0,0,0,0,0,0,0,0,0,0,NA,NA,NA,NA,NA,NA
20762,0,0,0,0,0,0,0,0,0,0,0,0,0,0,0,0,0,0,0,0,0,0,0,470,02403320762,Andrews Air Force Base,MDPV_2017_18,22811.0427041343,28937799.6173427
20771,0,0,0,0,0,0,0,0,0,0,0,0,0,0,0,0,0,0,0,0,0,0,0,460,02403320771,Greenbelt,MDPV_2017_18,7127.45394794039,3105863.75822521
20773,0,0,0,0,0,0,0,0,0,0,0,0,0,0,0,0,0,0,0,0,0,0,0,NA,NA,NA,NA,NA,NA
20780,0,0,0,0,0,0,0,0,0,0,0,0,0,0,0,0,0,0,0,0,0,0,0,NA,NA,NA,NA,NA,NA
20787,0,0,0,0,0,0,0,0,0,0,0,0,0,0,0,0,0,0,0,0,0,0,0,NA,NA,NA,NA,NA,NA
20788,0,0,0,0,0,0,0,0,0,0,0,0,0,0,0,0,0,0,0,0,0,0,0,NA,NA,NA,NA,NA,NA
20825,0,0,0,0,0,0,0,0,0,0,0,0,0,0,0,0,0,0,0,0,0,0,0,NA,NA,NA,NA,NA,NA
20827,0,0,0,0,0,0,0,0,0,0,0,0,0,0,0,0,0,0,0,0,0,0,0,NA,NA,NA,NA,NA,NA
20838,0,0,0,0,0,0,0,0,0,0,0,0,0,0,0,0,0,0,0,0,0,0,0,403,02403120838,Barnesville,MDPV_2017_18,23740.9965751392,11300518.8538078
20847,0,0,0,0,0,0,0,0,0,0,0,0,0,0,0,0,0,0,0,0,0,0,0,NA,NA,NA,NA,NA,NA
20848,0,0,0,0,0,0,0,0,0,0,0,0,0,0,0,0,0,0,0,0,0,0,0,NA,NA,NA,NA,NA,NA
20856,0,0,0,0,0,0,0,0,0,0,0,0,0,0,0,0,0,0,0,0,0,0,0,NA,NA,NA,NA,NA,NA
20857,0,0,0,0,0,0,0,0,0,0,0,0,0,0,0,0,0,0,0,0,0,0,0,NA,NA,NA,NA,NA,NA
20862,0,0,0,0,0,0,0,0,0,0,0,0,0,0,0,0,0,0,0,0,0,0,0,407,02403120862,Brinklow,MDPV_2017_18,12678.2789357062,4596039.9035737
20873,0,0,0,0,0,0,0,0,0,0,0,0,0,0,0,0,0,0,0,0,0,0,0,NA,NA,NA,NA,NA,NA
20875,0,0,0,0,0,0,0,0,0,0,0,0,0,0,0,0,0,0,0,0,0,0,0,NA,NA,NA,NA,NA,NA
20889,0,0,0,0,0,0,0,0,0,0,0,0,0,0,0,0,0,0,0,0,0,0,0,453,02403120889,Bethesda,MDPV_2017_18,3396.05364181219,572551.072439552
20892,0,0,0,0,0,0,0,0,0,0,0,0,0,0,0,0,0,0,0,0,0,0,0,447,02403120892,Bethesda,MDPV_2017_18,7129.72375301727,2349886.99753294
20894,0,0,0,0,0,0,0,0,0,0,0,0,0,0,0,0,0,0,0,0,0,0,0,427,02403120894,Bethesda,MDPV_2017_18,2874.87071546135,453823.403491953
20898,0,0,0,0,0,0,0,0,0,0,0,0,0,0,0,0,0,0,0,0,0,0,0,NA,NA,NA,NA,NA,NA
20899,0,0,0,0,0,0,0,0,0,0,0,0,0,0,0,0,0,0,0,0,0,0,0,417,02403120899,Gaithersburg,MDPV_2017_18,8642.02418913356,3915972.22675303
20907,0,0,0,0,0,0,0,0,0,0,0,0,0,0,0,0,0,0,0,0,0,0,0,NA,NA,NA,NA,NA,NA
20913,0,0,0,0,0,0,0,0,0,0,0,0,0,0,0,0,0,0,0,0,0,0,0,NA,NA,NA,NA,NA,NA
20918,0,0,0,0,0,0,0,0,0,0,0,0,0,0,0,0,0,0,0,0,0,0,0,NA,NA,NA,NA,NA,NA
20956,0,0,0,0,0,0,0,0,0,0,0,0,0,0,0,0,0,0,0,0,0,0,0,NA,NA,NA,NA,NA,NA
21005,0,0,0,0,0,0,0,0,0,0,0,0,0,0,0,0,0,0,0,0,0,0,0,200,02402521005,Aberdeen Proving Ground,MDPV2017_18,251572.273182757,189797090.004569
21010,0,0,0,0,0,0,0,0,0,0,0,0,0,0,0,0,0,0,0,0,0,0,0,202,02402521010,Gunpowder,MDPV2017_18,108993.183326179,69426259.3569458
21016,0,0,0,0,0,0,0,0,0,0,0,0,0,0,0,0,0,0,0,0,0,0,0,NA,NA,NA,NA,NA,NA
21025,0,0,0,0,0,0,0,0,0,0,0,0,0,0,0,0,0,0,0,0,0,0,0,NA,NA,NA,NA,NA,NA
21031,0,0,0,0,0,0,0,0,0,0,0,0,0,0,0,0,0,0,0,0,0,0,0,14,02400521031,Hunt Valley,MDPV2017_18,10423.3580419714,3173807.87162042
21064,0,0,0,0,0,0,0,0,0,0,0,0,0,0,0,0,0,0,0,0,0,0,0,NA,NA,NA,NA,NA,NA
21094,0,0,0,0,0,0,0,0,0,0,0,0,0,0,0,0,0,0,0,0,0,0,0,NA,NA,NA,NA,NA,NA
21101,0,0,0,0,0,0,0,0,0,0,0,0,0,0,0,0,0,0,0,0,0,0,0,NA,NA,NA,NA,NA,NA
21121,0,0,0,0,0,0,0,0,0,0,0,0,0,0,0,0,0,0,0,0,0,0,0,NA,NA,NA,NA,NA,NA
21156,0,0,0,0,0,0,0,0,0,0,0,0,0,0,0,0,0,0,0,0,0,0,0,37,02400521156,Upper Falls,MDPV2017_18,14887.7710914515,4561565.50985326
21203,0,0,0,0,0,0,0,0,0,0,0,0,0,0,0,0,0,0,0,0,0,0,0,NA,NA,NA,NA,NA,NA
21233,0,0,0,0,0,0,0,0,0,0,0,0,0,0,0,0,0,0,0,0,0,0,0,NA,NA,NA,NA,NA,NA
21235,0,0,0,0,0,0,0,0,0,0,0,0,0,0,0,0,0,0,0,0,0,0,0,58,02400521235,Baltimore,MDPV2017_18,5067.41053299171,1342148.92992992
21240,0,0,0,0,0,0,0,0,0,0,0,0,0,0,0,0,0,0,0,0,0,0,0,503,02400321240,BWI Airport,MDPV_2017_18,21414.7466913633,19477657.0864485
21241,0,0,0,0,0,0,0,0,0,0,0,0,0,0,0,0,0,0,0,0,0,0,0,62,02400521241,Baltimore,MDPV2017_18,3716.29757819621,459025.82515938
21250,0,0,0,0,0,0,0,0,0,0,0,0,0,0,0,0,0,0,0,0,0,0,0,64,02400521250,Baltimore,MDPV2017_18,9462.40239931966,2858138.86948192
21251,0,0,0,0,0,0,0,0,0,0,0,0,0,0,0,0,0,0,0,0,0,0,0,342,02451021251,Baltimore,MDPV2017_18,6641.11583290225,950007.699365726
21252,0,0,0,0,0,0,0,0,0,0,0,0,0,0,0,0,0,0,0,0,0,0,0,65,02400521252,Baltimore,MDPV2017_18,9996.23838429237,1849624.8774632
21287,0,0,0,0,0,0,0,0,0,0,0,0,0,0,0,0,0,0,0,0,0,0,0,343,02451021287,Baltimore,MDPV2017_18,4071.28806904949,305325.975444191
21307,0,0,0,0,0,0,0,0,0,0,0,0,0,0,0,0,0,0,0,0,0,0,0,NA,NA,NA,NA,NA,NA
21402,0,0,0,0,0,0,0,0,0,0,0,0,0,0,0,0,0,0,0,0,0,0,0,511,02400321402,Naval Academy,MDPV_2017_18,19642.0724110601,5965871.45994136
21402,0,0,0,0,0,0,0,0,0,0,0,0,0,0,0,0,0,0,0,0,0,0,0,512,02400321402,Naval Academy,MDPV_2017_18,4294.65735466751,893074.023116178
21402,0,0,0,0,0,0,0,0,0,0,0,0,0,0,0,0,0,0,0,0,0,0,0,513,02400321402,Naval Academy,MDPV_2017_18,6442.63614516656,1193641.42056399
21407,0,0,0,0,0,0,0,0,0,0,0,0,0,0,0,0,0,0,0,0,0,0,0,NA,NA,NA,NA,NA,NA
21411,0,0,0,0,0,0,0,0,0,0,0,0,0,0,0,0,0,0,0,0,0,0,0,NA,NA,NA,NA,NA,NA
21412,0,0,0,0,0,0,0,0,0,0,0,0,0,0,0,0,0,0,0,0,0,0,0,NA,NA,NA,NA,NA,NA
21515,0,0,0,0,0,0,0,0,0,0,0,0,0,0,0,0,0,0,0,0,0,0,0,NA,NA,NA,NA,NA,NA
21522,0,0,0,0,0,0,0,0,0,0,0,0,0,0,0,0,0,0,0,0,0,0,0,188,02402321522,Bittinger,MDPV2017_18,32304.7268236979,11929112.0287639
21540,0,0,0,0,0,0,0,0,0,0,0,0,0,0,0,0,0,0,0,0,0,0,0,6,02400121540,Luke,MDPV2017_18,3975.97687932779,1086396.71953745
21602,0,0,0,0,0,0,0,0,0,0,0,0,0,0,0,0,0,0,0,0,0,0,0,NA,NA,NA,NA,NA,NA
21603,0,0,0,0,0,0,0,0,0,0,0,0,0,0,0,0,0,0,0,0,0,0,0,NA,NA,NA,NA,NA,NA
21621,0,0,0,0,0,0,0,0,0,0,0,0,0,0,0,0,0,0,0,0,0,0,0,NA,NA,NA,NA,NA,NA
21669,0,0,0,0,0,0,0,0,0,0,0,0,0,0,0,0,0,0,0,0,0,0,0,149,02401921669,Taylors Island,MDPV2017_18,162063.428487282,86959898.5583669
21670,0,0,0,0,0,0,0,0,0,0,0,0,0,0,0,0,0,0,0,0,0,0,0,NA,NA,NA,NA,NA,NA
21705,0,0,0,0,0,0,0,0,0,0,0,0,0,0,0,0,0,0,0,0,0,0,0,NA,NA,NA,NA,NA,NA
21706,0,0,0,0,0,0,0,0,0,0,0,0,0,0,0,0,0,0,0,0,0,0,0,NA,NA,NA,NA,NA,NA
21708,0,0,0,0,0,0,0,0,0,0,0,0,0,0,0,0,0,0,0,0,0,0,0,NA,NA,NA,NA,NA,NA
21720,0,0,0,0,0,0,0,0,0,0,0,0,0,0,0,0,0,0,0,0,0,0,0,NA,NA,NA,NA,NA,NA
21746,0,0,0,0,0,0,0,0,0,0,0,0,0,0,0,0,0,0,0,0,0,0,0,NA,NA,NA,NA,NA,NA
21790,0,0,0,0,0,0,0,0,0,0,0,0,0,0,0,0,0,0,0,0,0,0,0,182,02402121790,Tuscarora,MDPV2017_18,27282.3141327354,23138069.6312754
21824,0,0,0,0,0,0,0,0,0,0,0,0,0,0,0,0,0,0,0,0,0,0,0,249,02403921824,Ewell,MDPV2017_18,374570.674976628,41134486.3570761
21843,0,0,0,0,0,0,0,0,0,0,0,0,0,0,0,0,0,0,0,0,0,0,0,NA,NA,NA,NA,NA,NA
21862,0,0,0,0,0,0,0,0,0,0,0,0,0,0,0,0,0,0,0,0,0,0,0,308,02404721862,Showell,MDPV2017_18,10817.3399289311,2938530.86901397
21890,0,0,0,0,0,0,0,0,0,0,0,0,0,0,0,0,0,0,0,0,0,0,0,254,02403921890,Westover,MDPV2017_18,13444.7867549749,3862412.31750287
21906,0,0,0,0,0,0,0,0,0,0,0,0,0,0,0,0,0,0,0,0,0,0,0,NA,NA,NA,NA,NA,NA
