"","Zip","July 2021","August 2021","September 2021","October 2021","November 2021","December 2021","January 2022","February 2020","March 2022","April 2022","May 2022","June 2022","July 2022","August 2022","September 2022","October 2022","November 2022","December 2022","January 2023","February 2023","March 2023"
"1","19973",0,0,0,0,0,0,0,0,1,0,0,0,0,0,0,0,0,0,0,0,0
"2","20236",0,0,0,0,0,0,0,0,1,0,0,0,0,0,0,0,0,0,0,0,0
"3","20473",0,0,0,0,0,0,0,0,1,0,0,0,0,0,0,0,0,0,0,0,0
"4","20601",9,14,26,32,20,17,27,30,51,48,55,42,73,71,70,89,68,84,96,78,76
"5","20602",5,9,20,21,23,21,30,34,42,45,43,51,50,51,47,44,38,54,69,53,61
"6","20603",3,3,14,26,25,24,27,44,48,48,39,45,33,55,62,40,53,47,86,60,59
"7","20604",0,0,0,0,0,0,0,0,0,0,0,0,0,0,0,0,0,0,0,0,0
"8","20606",0,0,0,0,0,0,0,0,0,1,0,0,0,0,0,0,0,0,0,1,1
"9","20607",3,5,10,11,13,13,19,14,14,21,28,24,11,30,28,22,22,29,42,35,29
"10","20608",0,0,2,0,0,1,2,1,1,0,0,1,3,0,0,1,2,2,3,1,0
"11","20609",0,1,0,0,0,0,1,1,1,0,0,0,0,0,1,0,0,0,0,0,0
"12","20611",0,1,0,2,1,0,0,0,1,1,0,1,2,2,1,1,2,0,1,1,0
"13","20612",0,0,1,0,0,0,0,0,0,0,0,0,1,0,0,0,0,1,0,0,1
"14","20613",7,6,23,10,15,14,30,7,18,19,28,32,34,44,36,36,44,34,40,41,40
"15","20615",0,0,3,0,0,0,0,0,1,1,1,0,0,0,0,0,1,0,3,0,1
"16","20616",1,4,4,9,11,9,10,12,14,20,15,24,21,21,26,16,9,24,25,25,20
"17","20617",0,1,0,2,1,1,0,0,0,2,0,2,0,0,1,1,0,0,0,1,0
"18","20618",2,1,2,2,1,1,3,3,2,3,0,4,4,3,4,2,1,2,0,0,3
"19","20619",1,6,5,5,8,9,9,10,9,7,5,9,10,9,8,11,10,15,14,15,16
"20","20620",0,0,1,0,0,0,1,0,2,3,0,0,1,2,1,1,1,1,3,0,3
"21","20621",0,1,0,2,0,1,1,1,0,2,1,0,4,1,1,3,1,1,1,0,4
"22","20622",1,0,2,3,3,1,3,3,0,3,3,4,1,4,3,3,3,3,5,3,4
"23","20623",0,1,4,4,4,2,1,3,5,9,5,3,7,8,7,6,10,6,8,5,2
"24","20624",0,0,0,0,0,0,1,0,0,0,0,0,0,0,0,0,0,0,0,0,0
"25","20625",1,2,1,1,3,0,2,0,0,0,0,1,0,1,1,1,2,1,0,3,0
"26","20626",0,0,0,0,2,0,0,0,0,0,0,0,0,0,0,0,0,0,0,0,0
"27","20628",0,1,1,0,1,1,2,1,0,1,1,1,0,0,1,0,0,0,0,0,0
"28","20629",0,0,0,0,0,0,0,0,0,0,0,0,1,0,0,0,0,0,0,0,1
"29","20630",1,0,0,0,0,0,0,0,0,0,0,0,0,0,1,0,0,0,1,0,0
"30","20632",0,0,0,0,0,0,0,1,0,1,0,0,0,0,0,1,0,0,0,0,1
"31","20634",1,0,4,3,5,6,2,5,4,7,4,6,9,11,4,9,9,10,10,11,10
"32","20635",0,0,0,0,0,0,0,0,1,0,0,0,0,0,0,0,0,0,0,1,0
"33","20636",3,1,6,4,6,15,9,2,5,4,6,8,5,4,4,4,2,5,10,3,5
"34","20637",0,3,6,2,1,4,3,3,1,2,4,5,5,8,6,5,6,8,3,7,10
"35","20639",1,2,7,8,5,3,12,6,9,9,7,14,11,10,13,7,12,12,16,10,9
"36","20640",10,6,11,19,17,9,6,14,9,20,14,19,16,26,23,25,30,35,24,22,25
"37","20644",0,0,0,0,0,0,0,0,0,0,0,0,0,0,0,0,0,0,0,0,0
"38","20645",0,0,1,0,1,1,0,0,1,0,3,1,4,1,3,2,3,1,0,0,2
"39","20646",2,4,10,18,13,8,12,19,15,23,23,18,28,20,22,16,17,29,31,18,27
"40","20650",0,0,3,5,3,5,4,8,8,7,1,7,4,6,9,2,6,5,12,10,2
"41","20653",1,8,9,8,17,8,15,11,16,19,18,24,20,27,19,29,21,27,35,30,26
"42","20656",0,0,0,0,0,0,0,0,0,2,0,0,0,0,1,1,1,1,0,0,0
"43","20657",4,4,17,22,20,19,24,23,21,41,27,29,42,40,43,37,33,29,53,39,38
"44","20658",2,0,0,2,1,0,1,0,0,0,0,2,0,2,0,1,1,2,1,6,2
"45","20659",4,10,12,21,15,21,10,17,15,28,26,22,12,26,38,24,30,31,38,22,37
"46","20662",0,0,1,0,2,2,4,0,18,0,1,6,6,6,2,1,2,1,2,3,2
"47","20664",0,0,3,2,5,4,1,2,4,3,5,7,1,2,2,5,4,2,4,4,2
"48","20667",0,0,0,0,0,0,0,0,0,1,0,0,0,0,1,1,0,0,1,0,0
"49","20670",0,0,0,0,0,0,0,0,0,0,0,0,0,0,0,0,0,0,0,0,0
"50","20674",0,0,0,0,0,0,1,1,1,1,2,0,1,0,0,1,0,1,1,0,1
"51","20675",1,3,0,3,3,2,1,2,3,4,0,4,1,1,2,2,2,1,2,3,10
"52","20676",1,1,3,0,2,1,4,2,4,5,2,5,6,6,3,11,4,7,4,4,4
"53","20677",0,0,0,0,1,1,1,0,0,0,1,3,1,2,1,2,2,0,4,3,1
"54","20678",3,5,8,7,12,8,11,4,11,12,11,11,14,16,15,22,11,22,22,16,17
"55","20680",0,0,0,0,0,0,0,0,0,0,0,0,0,1,0,1,1,1,0,1,0
"56","20684",0,0,0,0,0,0,0,0,0,1,1,1,1,0,0,1,0,0,2,0,1
"57","20685",1,3,3,6,7,6,5,6,5,9,7,14,10,12,11,10,8,11,13,6,12
"58","20686",0,0,1,0,0,0,0,0,0,0,0,0,0,0,0,0,0,0,0,0,0
"59","20687",0,0,0,2,0,0,0,1,0,1,0,1,0,0,0,0,2,1,0,0,0
"60","20688",0,0,2,2,0,0,1,0,0,1,0,1,0,0,0,0,1,1,1,4,0
"61","20689",0,1,2,3,0,1,2,0,0,1,1,2,2,2,4,1,3,5,5,4,1
"62","20690",0,0,0,0,1,0,0,0,0,0,0,1,1,2,1,0,0,0,0,1,0
"63","20692",0,0,0,0,1,0,0,0,0,0,1,0,0,0,0,1,0,1,1,0,0
"64","20693",0,1,1,1,0,2,0,0,3,2,0,0,0,1,1,1,0,0,1,1,0
"65","20695",3,4,8,15,12,10,17,15,22,25,19,16,29,38,33,33,39,35,44,39,35
"66","20701",0,0,0,0,0,0,0,0,0,0,0,0,0,0,0,0,0,0,0,0,0
"67","20702",0,0,0,0,0,0,0,0,0,0,0,0,0,0,0,0,0,0,0,0,0
"68","20703",0,0,0,0,0,0,0,0,0,0,0,0,0,0,0,0,0,0,0,0,1
"69","20704",0,0,0,0,0,0,0,0,0,0,0,0,0,0,0,0,0,0,0,0,0
"70","20705",8,3,12,22,16,14,25,17,22,30,20,31,17,26,41,35,27,33,40,35,50
"71","20706",10,13,31,34,32,29,27,29,42,59,32,65,50,66,66,61,56,68,82,64,60
"72","20707",5,9,25,18,26,22,17,20,23,36,26,26,31,36,33,35,33,28,41,39,38
"73","20708",3,2,5,3,5,3,10,4,9,16,12,11,12,18,15,16,12,12,16,17,19
"74","20710",0,3,1,0,2,2,3,1,1,5,2,5,3,4,9,6,2,7,4,4,3
"75","20711",1,1,1,3,0,1,1,1,0,1,1,0,1,0,1,1,1,0,1,4,2
"76","20712",2,0,2,3,2,1,2,3,4,5,3,1,1,2,2,2,3,4,2,4,4
"77","20714",1,1,3,6,4,7,2,8,5,5,0,5,8,3,4,3,3,6,9,6,5
"78","20715",4,3,16,12,19,17,15,15,24,25,29,22,25,40,23,24,28,34,38,40,37
"79","20716",3,6,19,18,21,22,9,20,23,37,21,26,23,30,28,33,31,30,51,41,40
"80","20717",0,0,0,0,0,0,0,0,0,0,0,0,0,0,0,0,0,0,0,0,0
"81","20718",0,0,0,0,0,0,0,0,0,0,0,0,0,0,0,0,0,0,0,0,0
"82","20719",0,0,0,0,0,0,0,0,0,0,0,0,0,0,0,0,0,0,0,0,0
"83","20720",8,7,16,15,12,13,22,16,29,27,23,32,26,35,31,35,18,42,49,37,51
"84","20721",4,14,37,26,27,29,27,31,32,36,41,37,38,52,37,41,38,59,58,57,53
"85","20722",2,2,4,4,3,9,3,4,5,7,6,4,5,5,8,11,6,6,12,9,13
"86","20723",3,4,11,17,8,10,13,12,14,27,12,15,13,25,23,17,22,26,37,29,20
"87","20724",5,2,8,9,8,2,8,8,13,17,13,10,16,19,18,20,13,17,18,22,26
"88","20725",0,0,0,0,0,0,0,0,0,0,0,0,0,0,0,0,0,0,0,0,0
"89","20732",0,1,4,6,9,4,8,11,7,8,2,8,11,18,12,9,10,11,18,13,18
"90","20733",1,0,1,0,2,3,1,0,4,6,3,2,0,4,2,5,3,4,3,2,3
"91","20734",0,0,0,0,0,0,0,0,0,0,0,0,0,1,0,0,0,1,0,0,0
"92","20735",6,21,30,43,48,56,41,53,57,77,46,65,61,79,72,73,77,95,102,93,90
"93","20736",2,3,3,5,2,3,2,4,4,2,2,1,3,2,4,7,4,7,8,6,6
"94","20737",2,1,8,4,7,4,3,8,7,10,6,5,13,13,7,11,11,11,15,15,15
"95","20740",1,2,8,7,6,9,8,6,4,10,6,8,7,11,7,9,9,5,5,12,19
"96","20741",0,0,0,0,0,0,0,0,0,0,0,0,0,0,0,0,0,0,0,0,0
"97","20742",0,0,0,0,0,0,0,0,0,0,0,0,0,0,0,0,0,0,0,0,0
"98","20743",9,22,35,41,50,47,52,53,61,76,62,91,66,94,82,89,81,93,92,88,95
"99","20744",11,19,46,39,49,47,39,55,68,93,87,87,62,97,92,93,92,101,107,98,108
"100","20745",4,5,15,19,17,10,22,23,25,29,22,29,31,43,35,35,34,30,39,36,30
"101","20746",1,2,26,23,17,20,15,19,24,42,35,35,39,54,40,36,32,46,56,41,44
"102","20747",12,11,39,28,33,44,50,50,52,65,44,73,57,89,83,72,77,69,90,85,68
"103","20748",2,15,21,38,33,27,39,45,43,71,61,63,63,76,72,67,60,85,83,80,63
"104","20750",0,0,0,0,0,0,0,0,0,0,0,0,0,0,0,0,0,0,0,0,0
"105","20751",1,1,0,1,2,0,3,0,3,2,1,1,2,2,1,1,2,3,3,1,2
"106","20754",0,1,4,2,3,1,10,5,1,3,1,3,2,2,3,3,1,0,1,2,7
"107","20755",0,0,0,0,0,0,0,0,0,0,0,0,0,0,0,0,0,0,0,0,0
"108","20757",0,0,0,0,0,0,0,0,0,0,0,0,0,0,0,0,0,0,0,0,0
"109","20758",0,0,0,0,0,0,0,0,0,1,0,0,0,1,0,0,0,1,0,1,0
"110","20759",0,0,2,0,1,1,4,1,1,0,0,1,0,0,0,2,1,2,0,3,3
"111","20760",0,0,0,0,0,0,0,0,0,0,0,0,0,0,0,0,0,0,0,0,0
"112","20762",0,0,0,0,0,0,0,0,0,0,0,0,0,0,0,0,0,0,0,0,0
"113","20763",0,0,0,1,0,2,0,0,1,2,1,2,3,2,1,0,3,0,2,2,0
"114","20764",0,1,1,1,6,2,1,2,2,4,1,4,4,7,9,4,5,6,5,6,5
"115","20765",0,0,0,0,0,0,0,0,0,0,0,0,0,0,0,1,0,0,0,0,0
"116","20769",3,1,3,8,5,7,3,2,5,10,6,5,10,7,6,7,4,12,16,12,9
"117","20770",0,2,8,18,9,7,9,8,12,15,10,13,17,19,14,9,19,15,18,22,20
"118","20771",0,0,0,0,0,0,0,0,0,0,0,0,0,0,0,0,0,0,0,0,0
"119","20772",16,27,56,62,53,58,60,65,88,110,84,103,102,123,113,112,127,113,136,118,119
"120","20773",0,0,0,0,0,0,0,0,0,0,0,0,0,0,0,0,0,0,0,0,0
"121","20774",5,22,47,61,58,47,55,54,68,114,74,73,83,93,110,95,109,126,136,118,123
"122","20776",2,0,1,0,0,0,1,0,2,2,0,0,1,3,0,0,1,1,3,3,2
"123","20777",0,2,2,2,1,0,1,0,0,1,0,1,1,0,1,2,1,2,2,0,1
"124","20778",0,0,0,1,1,0,1,1,0,0,3,0,1,0,2,1,0,1,1,1,2
"125","20779",0,0,0,0,0,0,1,1,0,1,1,1,1,0,0,0,0,0,2,0,0
"126","20780",0,0,0,0,0,0,0,0,0,0,0,0,0,0,0,0,0,0,0,0,0
"127","20781",0,4,2,4,5,7,5,6,6,8,5,6,7,10,6,14,8,12,11,5,6
"128","20782",3,5,7,13,9,10,15,12,15,18,23,17,13,17,13,23,16,13,22,17,21
"129","20783",2,4,15,23,15,16,12,17,21,25,22,20,17,27,30,37,31,23,33,41,27
"130","20784",5,12,16,21,19,18,15,20,21,37,31,29,26,35,22,33,20,33,33,49,37
"131","20785",11,17,17,19,24,30,34,50,45,61,40,49,54,60,71,46,44,54,50,59,54
"132","20787",0,0,0,0,0,0,0,0,0,0,0,0,0,0,0,0,0,0,0,0,0
"133","20788",0,0,0,0,0,0,0,0,0,0,0,0,0,0,0,0,0,0,0,0,0
"134","20794",1,3,3,5,5,5,6,11,4,3,4,7,8,12,8,6,5,9,16,7,10
"135","20812",0,0,0,0,0,0,0,0,0,0,0,1,0,0,0,0,0,0,0,0,0
"136","20814",2,1,3,3,1,0,6,5,1,5,5,8,1,2,6,3,4,2,9,2,3
"137","20815",2,0,0,0,2,2,3,2,3,4,6,5,8,7,5,1,1,2,4,3,3
"138","20816",0,1,0,2,1,2,1,1,2,0,0,1,1,1,0,0,1,3,1,0,3
"139","20817",1,2,2,5,5,8,5,6,6,5,3,2,3,6,2,3,5,2,6,9,6
"140","20818",0,0,0,0,1,0,2,0,0,1,0,0,1,2,2,0,0,1,1,0,1
"141","20825",0,0,0,0,0,0,0,0,0,0,0,0,0,0,0,0,0,0,0,0,0
"142","20827",0,0,0,0,0,0,0,0,0,0,0,0,0,0,0,0,0,0,0,0,0
"143","20832",2,1,7,6,5,6,11,3,8,9,8,14,4,8,11,9,12,9,12,5,13
"144","20833",0,1,5,2,5,0,1,2,3,3,4,2,5,3,6,5,3,3,3,6,4
"145","20837",0,2,3,0,2,1,3,2,4,3,2,3,0,3,3,3,2,4,2,4,4
"146","20838",0,0,0,0,0,0,0,0,0,0,0,0,0,0,0,0,0,0,0,0,0
"147","20839",0,0,0,0,0,0,0,0,0,0,0,0,0,0,1,0,0,0,0,0,0
"148","20841",1,1,1,2,5,3,3,6,6,7,7,3,3,2,0,2,2,0,3,2,2
"149","20842",0,0,1,1,2,0,1,0,0,2,1,2,0,2,0,1,1,1,1,0,0
"150","20847",0,0,0,0,0,0,0,0,0,0,0,0,0,0,0,0,0,0,0,0,0
"151","20848",0,0,0,0,0,0,0,0,0,0,0,0,0,0,0,0,0,0,0,0,0
"152","20850",0,4,12,9,5,4,5,5,9,9,4,8,4,12,6,13,15,7,9,6,14
"153","20851",1,1,5,8,3,6,7,2,5,8,7,6,5,7,8,10,9,5,6,4,11
"154","20852",1,3,4,9,5,8,5,2,5,12,6,5,8,10,11,12,8,4,8,5,9
"155","20853",5,6,5,14,6,8,8,6,7,10,4,12,10,21,8,19,16,16,17,14,15
"156","20854",4,1,5,7,3,5,10,8,10,15,5,5,8,12,7,12,10,14,15,7,8
"157","20855",1,0,2,3,5,4,7,5,3,4,7,5,6,8,4,7,4,8,5,5,3
"158","20856",0,0,0,0,0,0,0,0,0,0,0,0,0,0,0,0,0,0,0,0,0
"159","20857",0,0,0,0,0,0,0,0,0,0,0,0,0,0,0,0,0,0,0,0,0
"160","20860",0,0,0,0,0,1,1,0,0,2,0,2,0,0,0,0,0,2,0,1,2
"161","20861",0,1,1,0,0,0,2,0,0,4,0,0,1,1,2,2,2,22,3,3,1
"162","20862",0,0,0,0,0,0,0,0,0,0,0,0,0,0,0,0,0,0,0,0,0
"163","20866",3,3,6,10,8,7,7,4,8,8,10,4,12,10,9,12,15,13,8,12,16
"164","20868",0,2,0,0,0,0,0,0,1,0,0,0,1,1,0,0,0,0,0,0,0
"165","20871",3,5,3,5,8,2,7,8,14,12,15,13,12,17,14,14,21,18,20,15,24
"166","20872",0,1,3,6,1,2,6,9,4,5,7,5,5,7,6,7,5,4,8,7,3
"167","20873",0,0,0,0,0,0,0,0,0,0,0,0,0,0,0,0,0,0,0,0,0
"168","20874",11,14,31,22,38,18,32,22,37,52,36,38,35,39,39,40,39,38,50,46,64
"169","20875",0,0,0,0,0,0,0,0,0,0,0,0,0,0,0,0,0,0,0,0,0
"170","20876",4,2,12,11,10,8,11,11,8,11,12,18,9,15,12,10,8,12,17,16,17
"171","20877",1,2,5,5,3,7,10,9,8,15,16,8,12,16,17,17,14,20,21,13,8
"172","20878",4,7,10,19,8,8,18,15,16,12,13,14,15,15,20,15,23,25,21,22,25
"173","20879",7,6,13,15,10,15,19,19,20,25,25,23,24,30,18,31,28,25,34,23,30
"174","20880",0,0,0,1,0,0,0,1,1,0,0,0,0,0,0,0,0,0,1,0,0
"175","20882",1,3,3,3,2,1,2,4,3,6,5,4,4,6,9,7,13,9,9,13,7
"176","20886",8,4,12,17,7,12,11,12,16,24,12,16,8,18,14,16,17,25,22,30,17
"177","20889",0,0,0,0,0,0,0,0,0,0,0,0,0,0,0,0,0,0,0,0,0
"178","20892",0,0,0,0,0,0,0,0,0,0,0,0,0,0,0,0,0,0,0,0,0
"179","20894",0,0,0,0,0,0,0,0,0,0,0,0,0,0,0,0,0,0,0,0,0
"180","20895",5,0,3,5,6,2,2,1,7,3,1,4,3,5,6,6,3,5,3,5,2
"181","20896",0,0,0,0,0,0,0,0,0,0,0,0,0,0,0,1,0,0,0,0,0
"182","20898",0,0,0,0,0,0,0,0,0,0,0,0,0,0,0,0,0,0,0,0,0
"183","20899",0,0,0,0,0,0,0,0,0,0,0,0,0,0,0,0,0,0,0,0,0
"184","20901",3,3,4,12,7,9,14,9,11,16,18,11,9,12,17,8,9,19,11,15,17
"185","20902",4,8,6,14,9,9,6,11,10,28,19,24,18,22,20,18,14,14,16,16,30
"186","20903",0,4,3,4,6,8,5,6,5,9,7,8,4,6,4,8,7,10,8,8,12
"187","20904",5,9,22,14,15,14,19,14,28,26,20,24,18,35,20,34,31,28,21,29,27
"188","20905",0,0,5,8,8,7,3,2,5,3,8,7,6,16,9,19,11,9,9,7,10
"189","20906",7,11,19,24,22,16,29,26,23,29,31,23,30,42,33,33,25,42,44,32,23
"190","20907",0,0,0,0,0,0,0,0,0,0,0,0,0,0,0,0,0,0,0,0,0
"191","20910",0,1,8,3,5,2,6,3,6,5,7,1,10,10,7,9,5,7,7,9,7
"192","20912",1,2,4,7,6,4,2,3,3,10,2,5,4,11,9,9,3,12,9,7,24
"193","20913",0,0,0,0,0,0,0,0,0,0,0,0,0,0,0,0,0,0,0,0,0
"194","20918",0,0,0,0,0,0,0,0,0,0,0,0,0,0,0,0,0,0,0,0,0
"195","20956",0,0,0,0,0,0,0,0,0,0,0,0,0,0,0,0,0,0,0,0,0
"196","20967",0,0,0,0,0,0,0,0,0,0,0,0,0,1,0,0,0,0,0,0,1
"197","21000",0,1,0,0,0,0,0,0,0,0,0,0,0,0,0,0,0,0,0,0,0
"198","21001",3,6,13,19,19,23,16,18,23,37,22,26,25,32,30,34,40,31,46,49,28
"199","21005",0,0,0,0,0,0,0,0,0,0,0,0,0,0,0,0,0,0,0,0,0
"200","21009",3,5,14,15,21,14,25,19,15,33,26,24,21,24,30,40,38,37,45,45,46
"201","21010",0,0,0,0,0,0,0,0,0,0,0,0,0,0,0,0,0,0,0,0,0
"202","21012",0,2,2,11,4,9,6,10,7,7,12,13,7,11,16,7,8,10,23,16,20
"203","21013",0,0,0,1,0,0,0,0,1,0,2,1,0,0,0,2,0,1,1,1,2
"204","21014",3,4,6,10,15,6,13,8,15,22,16,20,15,24,14,32,16,22,25,27,33
"205","21015",1,3,12,7,12,12,9,11,7,17,13,13,19,21,21,17,22,23,17,23,18
"206","21016",0,0,0,0,0,0,0,0,0,0,0,0,0,0,0,0,0,0,0,0,0
"207","21017",0,2,7,3,4,4,5,5,2,11,9,8,4,7,7,8,6,7,6,11,6
"208","21025",0,0,0,0,0,0,0,0,0,0,0,0,0,0,0,0,0,0,0,0,0
"209","21028",0,2,0,1,2,0,2,1,0,0,0,2,1,1,1,2,2,3,4,0,2
"210","21029",0,1,2,4,3,0,2,2,2,0,1,3,0,5,1,2,1,0,3,5,2
"211","21030",0,3,4,5,3,6,2,3,6,8,7,4,8,6,10,11,2,6,6,7,11
"212","21031",0,0,0,0,0,0,0,0,0,0,0,0,0,0,0,0,0,0,0,0,0
"213","21032",1,1,2,4,1,3,1,2,5,3,3,4,3,5,6,6,6,5,3,1,8
"214","21034",0,0,0,1,3,2,4,0,5,6,2,0,1,4,3,2,3,0,0,4,8
"215","21035",0,1,3,1,0,2,5,2,0,3,3,2,3,4,3,3,3,3,1,1,8
"216","21036",0,0,0,0,0,0,0,0,0,2,1,0,0,0,2,0,0,2,1,0,0
"217","21037",0,1,10,9,5,3,8,6,9,9,6,7,12,13,11,14,12,9,20,17,17
"218","21040",4,6,21,22,17,19,28,30,25,34,30,40,34,46,35,37,29,51,43,42,43
"219","21042",1,5,3,7,2,7,8,6,9,4,7,6,8,10,11,11,10,4,12,10,5
"220","21043",1,5,4,8,8,4,9,9,7,13,9,8,6,13,11,13,6,16,6,10,13
"221","21044",2,9,14,14,14,14,11,13,18,33,33,27,13,20,18,23,20,22,24,21,25
"222","21045",5,8,23,13,14,11,14,14,18,24,20,24,18,26,26,20,25,26,29,28,27
"223","21046",2,4,3,4,2,3,3,5,5,6,5,7,4,10,5,4,6,10,11,4,2
"224","21047",0,1,2,3,6,3,3,1,2,5,4,6,6,12,4,7,6,5,5,10,10
"225","21048",1,2,4,4,5,5,3,5,7,2,7,8,8,7,4,8,7,14,8,8,12
"226","21050",1,3,8,11,1,5,4,1,7,5,11,11,4,9,6,10,11,8,12,8,11
"227","21051",0,0,0,0,0,0,0,0,0,1,1,0,0,0,0,0,0,0,0,0,1
"228","21052",0,0,0,0,0,0,0,0,0,0,0,1,0,0,0,1,0,1,0,6,3
"229","21053",0,1,0,3,0,2,1,1,1,2,1,3,5,4,1,2,0,1,2,3,2
"230","21054",0,1,4,4,6,5,2,11,5,5,5,5,4,5,9,12,5,4,7,4,5
"231","21056",0,0,0,0,0,0,0,0,0,0,0,0,0,0,0,0,0,0,1,0,0
"232","21057",2,0,0,1,0,1,1,1,1,0,3,0,2,0,2,1,0,0,2,3,1
"233","21060",7,8,28,26,26,24,25,25,36,44,36,44,41,56,53,54,50,50,66,62,51
"234","21061",5,16,38,27,22,29,27,32,38,53,38,55,50,52,48,43,45,63,83,56,58
"235","21064",0,0,0,0,0,0,0,0,0,0,0,0,0,0,0,0,0,0,0,0,0
"236","21071",0,0,1,0,0,0,0,1,0,1,0,0,0,1,1,1,1,0,0,0,1
"237","21074",1,2,4,6,7,12,7,8,10,14,12,13,16,13,13,18,14,15,19,12,16
"238","21075",2,1,3,7,11,14,9,13,4,21,14,18,16,21,13,18,14,18,23,19,21
"239","21076",2,1,4,9,10,4,10,11,6,8,9,10,14,14,10,24,15,10,23,28,12
"240","21077",0,0,0,0,0,0,2,0,0,0,0,0,0,0,0,0,0,0,0,0,0
"241","21078",3,2,10,14,12,9,9,16,10,14,14,18,15,23,21,22,22,19,22,19,14
"242","21082",0,0,0,1,0,0,0,0,0,0,0,0,0,0,0,0,1,1,0,1,2
"243","21084",0,0,2,2,3,1,3,1,3,1,3,5,5,4,5,3,4,2,4,3,3
"244","21085",4,6,9,11,15,9,10,10,21,26,21,21,13,19,15,28,17,26,21,25,14
"245","21087",1,0,0,2,1,1,0,2,0,0,1,5,1,7,4,5,6,4,3,3,8
"246","21090",2,1,1,6,4,6,3,4,3,4,4,3,6,4,5,3,3,2,9,8,11
"247","21093",2,3,9,4,8,10,10,7,8,13,11,8,5,10,8,10,13,11,13,10,7
"248","21094",0,0,0,0,0,0,0,0,0,0,0,0,0,0,0,0,0,0,0,0,0
"249","21101",0,0,0,0,0,0,0,0,0,0,0,0,0,0,0,0,0,0,0,0,0
"250","21102",1,2,10,8,5,8,2,5,10,13,5,6,7,13,12,8,8,14,17,19,18
"251","21104",0,1,1,1,0,0,0,3,0,0,0,0,0,3,0,0,1,2,0,5,0
"252","21105",0,0,0,0,0,0,0,0,0,0,0,0,0,1,0,0,0,0,0,0,0
"253","21106",0,0,1,0,0,0,0,0,0,0,0,0,0,0,0,0,0,0,0,0,0
"254","21107",0,0,0,0,0,0,0,0,0,0,0,0,0,0,0,1,0,0,0,0,0
"255","21108",2,3,10,6,6,4,11,8,8,8,15,7,10,7,8,7,10,14,8,11,11
"256","21111",1,1,2,2,2,2,0,0,1,1,1,1,0,1,2,0,2,1,6,1,2
"257","21112",0,0,0,0,0,0,0,0,1,0,0,0,0,0,0,0,0,0,0,0,0
"258","21113",3,7,12,10,12,16,24,10,12,24,14,11,19,24,23,26,21,22,35,33,26
"259","21114",1,1,11,7,9,8,8,4,7,8,15,9,13,16,21,17,9,17,18,15,22
"260","21117",10,13,28,21,33,22,34,26,28,40,35,44,46,63,45,56,44,64,67,52,57
"261","21120",0,0,5,2,0,2,1,3,1,3,1,2,3,2,0,0,5,6,0,1,1
"262","21121",0,0,0,0,0,0,0,0,0,0,0,0,0,0,0,0,0,0,0,0,0
"263","21122",11,16,35,36,44,35,38,38,33,59,42,61,52,64,51,77,63,73,75,56,67
"264","21128",1,6,6,9,6,4,3,4,7,7,6,6,5,9,12,7,7,11,7,7,11
"265","21130",0,0,0,0,0,0,1,0,0,0,0,0,1,1,0,0,0,0,0,0,0
"266","21131",1,0,0,5,1,1,4,1,0,6,1,1,2,6,2,2,1,3,4,3,5
"267","21132",2,1,1,2,1,0,2,0,0,2,0,0,1,0,0,1,1,2,4,2,3
"268","21133",6,12,28,30,25,31,27,29,40,45,36,45,51,64,38,64,59,66,80,65,67
"269","21136",6,7,16,16,18,15,17,18,21,32,31,26,21,32,20,30,29,31,41,35,33
"270","21138",0,0,0,0,0,0,0,0,0,0,0,0,0,1,0,0,0,0,0,0,0
"271","21140",0,0,1,2,1,0,0,0,0,1,0,2,1,0,1,1,4,0,4,2,2
"272","21144",2,3,21,11,12,21,13,17,15,20,20,20,18,37,23,32,31,39,36,33,30
"273","21146",2,4,4,3,2,3,2,9,3,3,9,6,10,12,8,11,15,15,4,10,6
"274","21152",1,1,1,0,2,1,2,2,2,0,2,2,2,5,5,4,4,4,4,3,2
"275","21153",0,0,0,0,0,0,0,0,0,0,0,0,1,0,0,0,0,0,0,0,0
"276","21154",4,2,3,2,1,6,5,1,5,5,3,4,4,4,5,4,2,3,3,2,6
"277","21155",0,0,0,1,2,1,0,1,1,1,4,1,2,1,1,1,2,6,0,0,1
"278","21156",0,0,0,0,0,0,0,0,0,0,0,0,0,0,0,0,0,0,0,0,0
"279","21157",2,0,14,14,11,16,17,15,9,19,19,20,15,25,18,20,16,18,18,19,35
"280","21158",1,1,6,11,12,9,11,11,15,17,8,11,21,12,18,13,11,12,13,12,13
"281","21160",0,0,1,3,1,0,0,1,1,0,2,3,6,0,4,0,0,1,1,4,1
"282","21161",1,2,2,1,3,2,1,2,1,7,2,3,6,1,6,4,3,5,5,3,8
"283","21162",3,1,0,4,2,0,1,5,6,7,5,4,6,4,10,5,8,5,9,10,7
"284","21163",1,1,0,4,1,3,2,2,3,1,1,2,3,3,3,6,3,3,2,4,5
"285","21201",0,0,5,4,2,2,3,4,5,3,9,1,3,5,2,3,3,2,5,3,3
"286","21202",2,3,10,7,5,2,3,8,6,9,11,7,8,13,8,11,15,9,16,13,9
"287","21203",0,0,0,0,0,0,0,0,0,0,0,0,0,0,0,0,0,0,0,0,0
"288","21204",4,1,3,3,1,1,1,1,0,2,3,3,1,4,2,2,4,4,4,5,2
"289","21205",11,4,12,8,11,7,3,4,3,16,8,12,8,9,9,10,7,13,11,12,18
"290","21206",17,33,65,47,53,46,57,71,74,104,77,102,87,129,93,95,99,110,126,126,96
"291","21207",13,13,51,49,43,38,64,48,56,81,69,67,65,93,84,85,80,100,132,94,96
"292","21208",7,8,13,16,24,10,21,15,22,31,32,29,20,42,38,35,31,39,47,41,42
"293","21209",3,4,10,5,6,6,9,9,10,14,11,7,10,16,8,11,5,11,8,12,4
"294","21210",0,1,0,0,2,1,2,3,0,1,1,0,0,0,1,0,0,0,2,3,0
"295","21211",0,3,5,10,5,7,3,5,6,8,6,12,10,10,6,11,3,7,10,7,9
"296","21212",7,12,10,18,12,11,13,13,23,15,24,14,31,25,27,25,29,24,46,16,26
"297","21213",18,16,39,33,44,24,30,36,34,65,50,47,36,51,53,52,40,58,63,74,67
"298","21214",11,9,21,17,19,21,29,22,34,50,28,41,51,56,48,41,43,49,67,45,45
"299","21215",10,25,47,57,41,31,54,38,51,96,59,80,64,79,76,92,71,83,105,88,86
"300","21216",9,14,31,42,38,37,27,29,36,57,41,48,51,58,42,50,47,50,53,61,44
"301","21217",4,2,19,20,16,15,25,24,16,28,23,27,17,39,35,23,27,33,36,34,52
"302","21218",13,20,24,33,25,29,42,26,32,42,32,42,35,50,50,36,43,56,54,54,35
"303","21219",1,3,5,5,5,11,8,5,5,12,9,11,6,13,7,12,11,13,10,9,22
"304","21220",4,8,42,31,21,29,37,34,44,37,39,56,41,69,62,59,58,62,66,59,47
"305","21221",8,17,30,24,28,24,20,17,38,52,27,40,34,50,44,49,40,42,66,57,51
"306","21222",9,20,42,41,53,42,54,44,69,85,62,84,69,70,91,82,89,89,102,101,83
"307","21223",3,12,19,24,17,15,19,11,11,26,18,22,13,27,18,19,17,14,31,22,22
"308","21224",9,27,45,34,23,25,25,31,36,50,36,39,32,44,39,41,41,44,50,56,48
"309","21225",4,8,23,29,21,22,24,22,33,36,31,21,27,29,36,37,37,38,45,26,29
"310","21226",0,3,5,6,5,7,7,5,6,10,5,4,7,5,5,7,5,12,9,7,6
"311","21227",5,10,20,29,15,21,19,18,28,33,26,33,41,42,38,42,31,38,51,38,28
"312","21228",3,9,17,19,13,17,21,11,11,36,24,24,26,40,27,25,29,24,35,34,32
"313","21229",6,18,43,52,40,42,63,48,60,87,64,53,68,73,89,83,74,74,99,75,87
"314","21230",6,11,15,23,24,17,16,16,28,37,28,36,29,33,21,32,27,30,40,39,45
"315","21231",3,4,3,4,5,4,10,5,6,3,9,12,11,10,7,8,11,6,10,10,7
"316","21233",0,0,0,0,0,0,0,0,0,0,0,0,0,0,0,0,0,0,0,0,0
"317","21234",11,23,40,41,37,39,57,36,56,67,46,70,52,75,73,73,63,64,87,62,72
"318","21235",0,0,0,0,0,0,0,0,0,0,0,0,0,0,0,0,0,0,0,0,0
"319","21236",2,8,18,24,16,24,30,27,31,36,35,31,35,30,30,44,36,40,39,30,29
"320","21237",4,8,21,27,21,17,35,17,33,31,28,19,24,42,48,39,37,40,42,33,39
"321","21239",6,13,24,28,31,21,35,24,31,47,38,44,55,51,48,57,43,51,68,58,53
"322","21240",0,0,0,0,0,0,0,0,0,0,0,0,0,0,0,0,0,0,0,0,0
"323","21241",0,0,0,0,0,0,0,0,0,0,0,0,0,0,0,0,0,0,0,0,0
"324","21244",11,9,19,31,14,21,33,27,32,45,36,40,24,57,42,44,32,45,64,41,47
"325","21250",0,0,0,0,0,0,0,0,0,0,0,0,0,0,0,0,0,0,0,0,0
"326","21251",0,0,0,0,0,0,0,0,0,0,0,0,0,0,0,0,0,0,0,0,0
"327","21252",0,0,0,0,0,0,0,0,0,0,0,0,0,0,0,0,0,0,0,0,0
"328","21260",0,0,0,0,0,0,1,0,0,0,0,0,0,0,0,0,0,0,0,0,0
"329","21286",2,1,4,5,4,2,4,6,7,6,4,15,10,10,7,10,8,7,10,10,10
"330","21287",0,0,0,0,0,0,0,0,0,0,0,0,0,0,0,0,0,0,0,0,0
"331","21307",0,0,0,0,0,0,0,0,0,0,0,0,0,0,0,0,0,0,0,0,0
"332","21401",2,5,15,9,3,7,7,7,16,16,10,11,14,15,12,17,14,23,13,12,16
"333","21402",0,0,0,0,0,0,0,0,0,0,0,0,0,0,0,0,0,0,0,0,0
"334","21403",3,8,13,16,7,13,16,12,10,19,13,8,15,10,17,18,13,17,14,11,13
"335","21405",0,0,0,0,0,0,0,0,0,0,1,0,0,0,0,0,0,0,2,0,3
"336","21407",0,0,0,0,0,0,0,0,0,0,0,0,0,0,0,0,0,0,0,0,0
"337","21409",2,5,11,9,11,5,6,6,13,13,7,10,6,9,18,14,5,11,11,13,23
"338","21411",0,0,0,0,0,0,0,0,0,0,0,0,0,0,0,0,0,0,0,0,0
"339","21412",0,0,0,0,0,0,0,0,0,0,0,0,0,0,0,0,0,0,0,0,0
"340","21502",8,17,23,17,17,15,26,20,32,35,29,31,25,35,33,41,38,36,43,28,44
"341","21515",0,0,0,0,0,0,0,0,0,0,0,0,0,0,0,0,0,0,0,0,0
"342","21520",0,2,1,0,0,1,2,1,1,0,0,1,2,2,1,1,2,0,3,2,1
"343","21521",0,0,0,0,1,1,0,2,1,1,1,0,1,3,0,3,2,4,2,0,0
"344","21522",0,0,0,0,0,0,0,0,0,0,0,0,0,0,0,0,0,0,0,0,0
"345","21523",0,1,0,0,0,0,0,0,0,0,0,0,0,0,0,0,0,0,0,0,0
"346","21524",0,0,0,0,0,0,0,0,0,0,2,1,0,0,1,0,1,0,1,1,0
"347","21528",0,0,2,1,0,1,1,0,2,1,1,3,1,1,2,1,6,3,3,2,4
"348","21529",0,0,2,1,0,0,0,1,1,0,1,0,0,0,0,0,0,0,0,0,0
"349","21530",0,0,2,1,2,0,0,1,1,0,0,1,2,1,1,0,1,0,2,0,1
"350","21531",0,1,2,4,0,1,0,1,0,1,0,2,1,1,0,2,0,0,0,0,2
"351","21532",2,3,7,7,6,3,5,3,6,6,7,4,8,6,10,7,10,13,13,6,16
"352","21536",3,1,5,0,0,0,2,0,3,2,0,2,0,0,1,0,1,4,2,1,1
"353","21538",1,0,0,1,0,1,0,1,0,1,0,0,1,0,0,0,0,1,0,1,0
"354","21539",0,0,4,3,2,1,0,1,3,3,2,1,1,3,2,3,1,1,1,0,2
"355","21540",0,0,0,0,0,0,0,0,0,0,0,0,0,0,0,0,0,0,0,0,0
"356","21541",0,0,0,0,0,1,0,1,0,0,1,1,2,0,0,1,0,0,1,1,0
"357","21542",0,1,1,0,2,1,1,0,0,0,0,1,1,3,3,3,2,4,1,1,3
"358","21543",0,0,0,0,1,0,0,0,1,1,0,1,0,2,0,0,0,0,1,0,1
"359","21545",0,0,5,1,3,2,1,1,3,2,1,1,1,6,5,5,3,11,5,2,1
"360","21546",0,0,0,0,1,0,0,0,0,0,0,0,0,0,0,0,0,0,0,0,0
"361","21550",7,4,10,4,10,6,6,4,6,8,8,17,4,5,7,9,11,11,11,5,8
"362","21555",0,3,1,0,0,3,2,1,0,1,2,1,1,1,0,4,1,3,0,1,0
"363","21557",1,2,1,0,2,1,0,1,3,3,3,2,1,1,3,1,0,9,0,2,3
"364","21561",1,1,1,3,1,3,1,1,1,1,1,0,1,1,3,0,1,0,4,4,1
"365","21562",2,2,6,3,2,3,2,3,3,4,1,4,5,6,3,5,5,3,6,5,3
"366","21601",3,3,9,5,13,5,9,8,7,11,6,18,9,7,9,10,11,19,14,10,15
"367","21602",0,0,0,0,0,0,0,0,0,0,0,0,0,0,0,0,0,0,0,0,0
"368","21603",0,0,0,0,0,0,0,0,0,0,0,0,0,0,0,0,0,0,0,0,0
"369","21607",0,0,0,0,0,0,0,0,1,0,2,1,1,1,3,0,0,0,1,0,2
"370","21610",0,0,0,0,0,0,1,0,0,0,0,0,1,0,0,1,0,1,0,0,1
"371","21612",0,0,0,0,0,0,0,0,0,0,0,0,1,1,0,0,0,0,1,0,1
"372","21613",2,6,6,9,6,3,2,10,11,9,8,16,14,9,14,9,16,17,12,13,19
"373","21617",0,3,1,7,7,9,2,5,5,6,7,6,4,9,15,10,13,7,9,13,6
"374","21619",1,0,4,3,4,3,1,3,1,8,6,6,6,3,6,4,2,3,8,8,5
"375","21620",3,6,1,7,3,2,1,7,5,5,9,9,8,12,12,5,9,8,5,7,5
"376","21621",0,0,0,0,0,0,0,0,0,0,0,0,0,0,0,0,0,0,0,0,0
"377","21622",2,1,0,0,1,0,0,0,0,1,0,0,1,1,0,0,0,1,1,0,0
"378","21623",0,0,1,3,0,1,4,2,3,6,3,1,5,3,3,7,4,5,2,1,2
"379","21625",0,1,1,1,1,2,2,2,1,1,1,4,2,3,1,2,1,2,2,1,1
"380","21626",0,0,0,0,0,0,0,0,0,0,0,0,0,2,1,0,2,1,0,1,3
"381","21627",0,0,0,1,0,0,0,0,0,0,0,0,0,0,0,0,0,0,0,0,0
"382","21628",0,0,0,0,0,0,0,0,0,0,0,1,0,0,0,0,1,3,1,1,0
"383","21629",3,3,7,13,15,9,13,9,14,14,12,9,14,20,7,9,10,15,18,14,6
"384","21631",0,1,7,2,2,1,4,3,0,1,0,2,2,5,1,1,0,1,5,1,1
"385","21632",3,3,7,5,4,10,7,6,7,9,3,8,4,11,6,10,14,16,16,9,10
"386","21634",0,0,0,0,0,1,0,1,0,0,0,1,0,1,1,0,1,1,1,1,1
"387","21635",0,1,0,3,1,2,0,0,0,1,2,2,1,0,0,1,1,0,1,2,0
"388","21636",1,0,0,0,0,2,1,0,1,1,2,1,0,2,2,3,5,2,1,2,1
"389","21637",0,0,0,0,0,1,0,0,0,0,0,0,0,0,0,0,0,0,0,0,0
"390","21638",0,2,12,8,2,3,5,2,4,5,6,7,6,6,6,3,6,12,11,6,6
"391","21639",0,3,0,8,4,4,3,4,6,7,9,5,11,8,6,4,8,8,10,9,11
"392","21640",0,0,2,1,1,1,3,1,5,2,3,3,2,2,1,1,1,2,5,3,3
"393","21641",0,0,0,0,0,0,1,0,0,1,1,0,0,0,0,0,0,1,1,1,2
"394","21642",0,0,0,1,0,1,0,0,0,0,0,0,0,0,0,0,0,0,0,0,0
"395","21643",3,1,4,10,9,5,6,2,8,9,9,14,7,16,9,14,13,11,12,18,10
"396","21644",0,0,0,0,0,0,0,0,0,0,1,0,0,1,0,0,0,0,0,0,0
"397","21645",0,0,0,0,0,0,1,0,0,0,3,1,1,2,4,3,2,1,2,0,0
"398","21647",0,0,0,0,0,0,0,0,0,0,0,0,0,0,0,0,1,0,0,0,0
"399","21648",0,0,0,0,0,0,0,0,0,0,2,1,1,1,3,1,1,1,1,0,0
"400","21649",0,0,1,1,0,1,0,0,0,1,0,0,2,1,1,0,0,0,2,2,3
"401","21650",0,0,0,0,0,0,0,0,0,0,0,0,0,0,0,0,0,0,0,0,1
"402","21651",1,0,2,1,3,2,2,1,7,3,3,2,3,2,2,3,2,2,5,1,1
"403","21652",0,0,0,2,0,0,0,0,4,0,0,0,0,0,0,0,0,0,0,0,0
"404","21653",0,0,0,1,0,0,0,0,0,0,0,0,0,0,0,0,0,0,0,0,1
"405","21654",0,0,0,0,0,0,0,0,0,0,0,1,0,0,0,0,0,1,1,0,1
"406","21655",2,2,2,3,2,1,2,2,1,2,2,2,4,6,3,3,3,3,5,2,2
"407","21656",0,0,0,0,0,0,1,0,0,0,0,0,0,0,0,0,0,0,0,0,0
"408","21657",1,0,1,0,4,0,1,1,0,1,0,0,1,1,0,0,0,0,1,2,0
"409","21658",0,1,2,3,1,1,3,3,3,3,3,1,0,3,2,1,0,0,1,1,2
"410","21659",0,1,2,0,0,1,0,0,1,2,1,1,2,0,0,1,1,0,3,0,1
"411","21660",2,0,1,4,5,0,2,2,2,2,3,2,3,5,6,2,3,5,5,6,3
"412","21661",0,3,3,5,3,2,4,1,1,2,3,4,3,5,2,2,3,1,2,2,9
"413","21662",0,0,1,0,0,0,0,0,0,0,0,0,0,0,1,0,1,2,0,0,0
"414","21663",0,1,1,3,1,1,2,2,4,3,3,0,2,0,0,0,1,0,0,0,1
"415","21664",0,0,0,0,0,0,2,1,2,0,0,1,0,0,1,2,0,1,1,0,2
"416","21665",1,0,0,0,0,0,0,0,0,0,0,0,0,0,0,0,0,0,0,0,0
"417","21666",0,7,4,8,11,9,9,11,8,13,8,13,8,19,14,13,6,19,16,12,17
"418","21667",0,0,0,0,0,0,0,0,0,0,0,0,0,0,0,0,0,0,1,0,0
"419","21668",1,1,3,1,3,1,2,0,2,1,1,2,0,1,0,2,1,4,3,0,3
"420","21669",0,0,0,0,0,0,0,0,0,0,0,0,0,0,0,0,0,0,0,0,0
"421","21670",0,0,0,0,0,0,0,0,0,0,0,0,0,0,0,0,0,0,0,0,0
"422","21671",0,0,0,0,2,2,0,0,0,3,1,0,0,0,3,0,0,1,1,0,0
"423","21672",0,0,1,0,0,2,0,0,1,0,1,1,1,0,0,0,2,1,3,0,0
"424","21673",0,1,2,2,1,1,1,1,0,2,0,0,3,1,2,1,3,1,2,5,2
"425","21675",0,0,0,1,0,0,1,0,0,0,1,0,0,0,1,0,0,1,1,1,0
"426","21676",0,0,0,0,1,0,0,0,0,0,0,1,0,1,0,1,0,0,0,0,0
"427","21677",0,1,0,1,0,0,0,0,0,0,0,0,0,1,0,1,0,1,0,0,0
"428","21678",0,0,1,0,1,0,0,0,0,1,0,3,1,2,2,1,2,2,3,2,3
"429","21679",0,0,0,0,0,0,0,0,0,0,0,0,0,0,0,0,1,0,0,0,0
"430","21700",0,0,0,0,1,1,0,0,0,0,0,0,0,0,0,0,0,0,0,0,0
"431","21701",13,13,21,29,24,39,25,20,49,51,41,52,40,45,48,46,53,46,63,46,34
"432","21702",0,5,7,13,4,1,4,8,8,11,7,8,17,17,9,11,6,18,23,20,12
"433","21703",3,6,13,24,16,13,18,18,18,15,20,26,24,22,25,29,31,30,33,28,25
"434","21704",0,0,3,4,7,1,9,5,8,17,6,4,6,7,10,5,4,10,16,10,9
"435","21705",0,0,0,0,0,0,0,0,0,0,0,0,0,0,0,0,0,0,0,0,0
"436","21706",0,0,0,0,0,0,0,0,0,0,0,0,0,0,0,0,0,0,0,0,0
"437","21708",0,0,0,0,0,0,0,0,0,0,0,0,0,0,0,0,0,0,0,0,0
"438","21710",1,0,0,5,1,2,1,3,2,3,2,0,2,3,1,2,3,2,1,2,3
"439","21711",0,0,1,0,1,0,0,0,0,0,2,1,1,0,0,0,0,0,1,0,0
"440","21713",2,1,9,8,6,5,5,9,5,10,9,6,7,10,4,2,5,7,9,5,11
"441","21714",0,0,0,0,0,0,0,0,1,0,0,1,4,0,0,0,0,0,0,0,0
"442","21715",0,0,0,1,0,0,0,0,0,0,1,0,0,0,0,0,0,0,0,0,0
"443","21716",1,1,2,6,4,3,2,6,10,2,7,7,7,6,11,11,10,8,11,15,18
"444","21717",1,0,0,1,0,0,0,0,0,0,0,0,0,0,0,0,0,0,0,0,0
"445","21718",0,0,0,0,0,0,0,1,0,0,0,0,0,1,0,0,0,0,0,0,1
"446","21719",0,2,3,1,0,0,1,1,0,1,2,0,1,1,0,0,1,0,0,0,0
"447","21720",0,0,0,0,0,0,0,0,0,0,0,0,0,0,0,0,0,0,0,0,0
"448","21722",0,0,1,2,2,3,3,5,6,8,2,4,4,2,4,1,1,6,5,6,5
"449","21723",0,0,0,0,0,0,0,2,0,1,0,0,0,0,0,0,0,0,0,0,1
"450","21727",1,0,1,1,3,0,0,2,1,4,2,1,5,4,3,4,3,2,4,3,5
"451","21733",0,1,0,1,0,1,4,1,2,4,0,3,3,2,1,2,0,1,3,1,2
"452","21734",0,0,0,0,0,0,1,0,0,0,0,1,0,1,0,0,0,1,0,1,0
"453","21737",0,0,0,0,0,0,0,0,0,0,0,1,0,0,0,0,0,0,0,0,0
"454","21738",0,0,0,1,1,1,0,0,0,1,1,0,1,0,1,0,0,0,0,0,0
"455","21740",13,15,33,35,32,24,34,35,42,59,44,52,44,62,52,56,47,56,59,56,50
"456","21742",0,12,13,8,16,9,11,10,11,15,14,18,15,17,15,24,14,19,34,19,15
"457","21744",0,0,1,0,0,0,0,0,0,0,0,0,0,0,0,0,0,0,0,0,0
"458","21746",0,0,0,0,0,0,0,0,0,0,0,0,0,0,0,0,0,0,0,0,0
"459","21750",1,0,2,1,6,5,2,2,1,4,1,5,0,5,2,1,5,2,2,4,13
"460","21754",0,1,5,3,2,2,3,1,4,4,5,3,3,2,5,3,6,4,7,4,6
"461","21755",0,0,0,2,1,1,0,3,4,5,0,1,2,5,3,2,2,4,4,3,1
"462","21756",1,1,2,2,2,5,3,5,2,7,1,1,3,4,5,4,3,7,7,2,2
"463","21757",0,0,0,3,1,3,3,1,0,2,1,1,0,1,4,3,1,3,4,3,0
"464","21758",0,0,8,2,2,1,3,0,5,2,2,4,6,8,6,6,7,4,7,2,4
"465","21760",0,0,0,0,0,0,0,0,0,1,0,0,0,0,0,0,0,0,0,0,0
"466","21762",0,0,1,0,0,0,0,0,1,0,0,1,0,0,0,0,0,3,0,0,0
"467","21764",0,0,0,0,0,0,0,1,0,0,0,0,0,0,0,0,0,0,0,0,0
"468","21766",0,0,1,0,0,0,0,0,4,1,0,0,1,1,0,0,0,0,0,3,0
"469","21767",0,0,0,1,0,1,0,1,0,0,0,1,0,1,0,1,1,1,2,3,1
"470","21769",0,1,3,6,0,4,4,1,3,7,3,4,1,6,5,6,5,7,10,7,4
"471","21770",0,0,1,4,0,1,7,3,2,1,5,4,4,7,3,4,3,2,7,3,4
"472","21771",3,8,10,9,11,2,17,12,16,25,6,12,12,17,13,12,13,21,19,17,24
"473","21773",0,1,0,0,1,3,1,1,1,0,1,1,0,2,3,2,3,6,0,2,0
"474","21774",1,5,5,11,8,4,7,10,12,10,9,13,12,10,8,13,13,15,21,12,9
"475","21776",1,0,6,6,0,0,1,3,4,9,1,3,2,3,4,4,7,3,7,4,6
"476","21777",0,1,2,1,1,1,1,0,0,0,0,0,2,1,2,1,0,0,1,0,1
"477","21778",0,1,0,0,0,0,0,0,1,1,1,0,0,0,1,0,2,1,1,0,1
"478","21779",0,0,0,0,1,0,0,2,0,0,0,0,1,1,2,1,0,1,2,1,1
"479","21780",0,0,0,0,2,0,0,1,0,1,0,0,1,1,0,1,1,0,1,0,0
"480","21782",1,0,5,4,3,7,5,0,6,5,7,2,3,5,5,7,10,4,5,3,4
"481","21783",2,2,1,1,4,4,6,2,9,5,10,6,3,5,7,11,2,12,4,10,10
"482","21784",2,10,17,12,18,14,14,9,26,23,16,16,20,15,25,16,27,20,18,21,14
"483","21787",0,1,4,5,5,6,5,6,11,8,5,6,14,11,8,11,13,13,23,19,8
"484","21788",2,1,9,8,7,8,9,6,4,10,9,14,7,9,10,12,7,4,15,14,16
"485","21790",0,0,0,0,0,0,0,0,0,0,0,0,0,0,0,0,0,0,0,0,0
"486","21791",0,3,2,0,2,2,2,1,4,2,1,3,4,4,7,6,4,6,3,2,8
"487","21793",2,2,4,6,0,2,6,2,6,13,2,5,8,11,8,8,14,9,9,11,9
"488","21794",0,0,0,3,0,1,1,1,0,1,1,0,2,0,2,2,2,1,2,0,3
"489","21795",0,1,4,7,3,4,1,6,6,4,3,6,2,7,6,3,5,6,2,0,6
"490","21797",2,2,1,4,2,1,6,0,3,3,2,3,2,5,4,6,6,3,6,2,7
"491","21798",0,0,0,0,0,0,1,0,2,1,1,2,1,0,0,0,0,1,3,1,0
"492","21801",2,4,5,7,10,14,7,17,22,18,15,11,15,25,19,19,20,13,28,21,28
"493","21802",0,0,0,1,0,0,0,2,0,1,1,1,0,0,0,0,0,0,0,0,0
"494","21804",4,3,10,18,9,11,15,15,28,31,10,20,17,28,22,37,28,27,35,25,23
"495","21811",2,6,4,12,3,7,8,8,12,19,12,11,12,22,11,10,13,11,19,13,15
"496","21813",0,1,1,0,0,1,1,0,0,1,0,0,2,3,2,1,0,1,0,0,3
"497","21814",0,1,0,0,0,0,1,0,1,0,1,0,0,1,1,1,1,1,1,1,0
"498","21817",1,0,2,7,5,6,5,7,4,6,4,3,3,12,6,6,7,7,6,4,5
"499","21821",0,1,1,1,0,3,0,0,0,0,1,0,1,0,1,0,2,0,3,1,0
"500","21822",0,0,2,2,0,1,3,0,2,0,2,0,1,3,2,3,1,6,3,2,1
"501","21824",0,0,0,0,0,0,0,0,0,0,0,0,0,0,0,0,0,0,0,0,0
"502","21826",1,2,5,0,4,2,5,4,5,6,4,3,2,5,3,2,6,3,3,2,4
"503","21829",0,0,0,1,0,0,0,1,0,1,0,0,1,1,0,1,0,1,1,0,0
"504","21830",0,2,2,1,1,1,6,0,2,4,3,2,2,2,3,2,5,3,6,3,2
"505","21835",0,0,0,0,0,1,1,0,0,1,0,0,0,0,0,0,0,0,0,0,0
"506","21837",1,1,2,3,3,3,2,2,1,2,1,2,3,5,3,4,2,2,6,2,2
"507","21838",0,0,1,2,1,1,1,2,3,2,2,1,2,1,2,1,0,4,1,3,2
"508","21840",0,0,0,1,0,0,0,0,1,1,0,2,0,0,0,0,1,0,1,1,0
"509","21841",0,1,1,1,0,0,0,1,1,0,1,0,0,2,0,0,0,0,3,0,0
"510","21842",12,4,7,18,7,8,7,11,10,13,13,10,8,13,22,19,9,14,20,7,14
"511","21843",0,0,0,0,0,0,0,0,0,0,0,0,0,0,0,0,0,0,0,0,0
"512","21849",0,2,2,2,3,1,1,3,2,1,3,2,2,2,1,6,1,1,0,1,0
"513","21850",1,1,1,4,0,1,3,2,2,5,3,3,1,4,2,1,4,7,7,3,1
"514","21851",1,2,6,2,4,4,4,0,3,2,4,5,6,3,2,10,8,3,9,7,7
"515","21853",0,4,5,7,5,2,2,5,2,21,4,10,5,7,5,7,6,9,8,12,8
"516","21856",0,0,0,1,1,0,0,1,1,3,0,0,0,1,0,0,0,1,2,1,0
"517","21861",0,0,1,1,0,1,1,0,1,1,1,0,0,1,1,3,0,2,3,0,1
"518","21862",0,0,0,0,0,0,0,0,0,0,0,0,0,0,0,0,0,0,0,0,0
"519","21863",0,1,1,3,1,2,2,1,2,5,2,2,4,4,3,7,2,5,3,3,6
"520","21864",0,0,1,0,1,0,0,0,1,0,1,0,2,1,0,1,1,0,1,0,2
"521","21865",0,0,1,0,1,0,0,3,3,0,1,0,1,1,1,2,0,0,0,0,0
"522","21867",0,0,1,0,0,0,0,0,0,0,0,0,0,0,0,0,0,0,0,0,1
"523","21869",0,2,3,1,0,1,0,0,1,2,0,0,1,0,0,0,0,2,0,0,4
"524","21871",0,0,3,1,0,0,1,1,2,2,4,0,0,3,3,2,2,1,4,2,0
"525","21872",1,0,0,1,0,0,1,1,1,1,0,2,0,1,0,1,0,0,2,0,1
"526","21874",1,0,0,1,1,2,0,0,3,1,1,1,2,3,2,2,2,4,1,0,0
"527","21875",0,4,3,4,8,1,8,4,9,8,5,9,7,12,7,5,10,15,21,12,7
"528","21890",0,0,0,0,0,0,0,0,0,0,0,0,0,0,0,0,0,0,0,0,0
"529","21901",4,7,15,13,11,12,13,10,12,15,11,17,13,17,21,18,16,20,26,19,11
"530","21903",1,3,1,3,1,2,3,7,1,4,5,10,6,5,8,8,8,6,15,11,9
"531","21904",1,2,2,1,5,4,2,3,2,5,4,3,2,10,10,5,5,10,9,5,3
"532","21906",0,0,0,0,0,0,0,0,0,0,0,0,0,0,0,0,0,0,0,0,0
"533","21911",1,3,9,7,6,7,16,11,12,11,3,13,6,11,11,9,10,10,9,12,8
"534","21912",2,0,0,0,1,1,1,1,1,2,1,0,2,0,1,0,2,0,1,2,1
"535","21913",0,0,0,1,2,1,0,2,2,1,0,1,2,3,2,2,1,1,2,1,2
"536","21914",0,1,0,0,3,2,0,0,1,1,1,0,0,2,0,0,1,3,5,2,3
"537","21915",1,1,1,3,2,5,6,3,4,2,2,2,0,3,2,1,2,1,1,2,1
"538","21916",0,0,0,1,0,0,0,0,0,0,0,0,0,0,0,0,0,0,0,0,0
"539","21917",0,0,0,3,4,1,2,2,1,2,2,4,2,2,2,3,2,1,0,2,2
"540","21918",0,0,1,2,0,0,1,2,3,4,0,1,1,1,1,4,2,2,4,1,2
"541","21919",0,2,3,3,1,5,3,4,2,5,2,3,3,3,6,4,4,2,1,1,2
"542","21920",0,0,1,0,1,0,0,0,0,0,0,1,0,0,1,0,1,1,2,2,2
"543","21920",0,0,1,0,0,0,0,0,0,0,0,1,0,0,1,0,1,1,2,2,2
"544","21921",3,12,26,42,28,21,24,19,24,47,34,47,35,50,51,54,64,48,61,57,63
"545","21930",0,0,0,0,0,0,0,0,0,0,0,0,0,0,0,0,0,1,0,0,0
"546","23692",0,0,0,0,0,0,0,0,0,0,0,0,0,0,0,1,0,0,0,0,0
"547","No Zip Code",0,0,0,0,0,0,0,0,0,1,0,1,0,0,1,0,0,0,0,0,2
